1572534381.6805596,24,67,82,97,96,64.58333333333334,7.084066830606971
1572534381.6805596,23,-32,83,96,96,64.58333333333334,-3.3967965244928373
1572534381.6805596,22,-132,84,100,98,63.26530612244899,-13.757582401273247
1572534381.6805596,18,-233,84,105,97,63.917525773195884,-23.372910562377935
1572534382.0332623,23,-32,82,96,97,63.917525773195884,-3.3967965244928373
1572534382.0332623,18,-233,84,105,97,63.917525773195884,-23.372910562377935
1572534382.0332623,24,67,82,97,97,63.917525773195884,7.084066830606971
1572534382.0332623,22,-132,84,100,98,63.26530612244899,-13.757582401273247
1572534382.3416204,24,67,82,97,96,64.58333333333334,7.084066830606971
1572534382.3416204,18,-233,84,105,97,63.917525773195884,-23.372910562377935
1572534382.3416204,22,-132,84,100,98,63.26530612244899,-13.757582401273247
1572534382.735299,23,-32,83,96,96,64.58333333333334,-3.3967965244928373
1572534382.735299,24,67,82,97,97,63.917525773195884,7.084066830606971
1572534382.735299,18,-233,84,105,97,63.917525773195884,-23.372910562377935
1572534383.289905,23,-32,83,96,96,64.58333333333334,-3.3967965244928373
1572534383.289905,24,67,82,97,96,64.58333333333334,7.084066830606971
1572534383.289905,18,-233,84,105,97,63.917525773195884,-23.372910562377935
1572534383.289905,22,-132,84,100,98,63.26530612244899,-13.757582401273247
1572534383.626555,23,-32,83,96,96,64.58333333333334,-3.3967965244928373
1572534383.626555,24,67,82,97,97,63.917525773195884,7.084066830606971
1572534383.626555,22,-132,84,100,98,63.26530612244899,-13.757582401273247
1572534383.626555,18,-233,84,105,97,63.917525773195884,-23.372910562377935
1572534384.0317733,23,-32,83,96,96,64.58333333333334,-3.3967965244928373
1572534384.0317733,24,67,82,97,96,64.58333333333334,7.084066830606971
1572534384.0317733,22,-132,84,100,98,63.26530612244899,-13.757582401273247
1572534384.0317733,18,-233,84,105,97,63.917525773195884,-23.372910562377935
1572534384.3941078,23,-32,83,96,96,64.58333333333334,-3.3967965244928373
1572534384.3941078,18,-233,84,105,97,63.917525773195884,-23.372910562377935
1572534384.3941078,22,-132,84,100,98,63.26530612244899,-13.757582401273247
1572534384.3941078,24,67,82,97,96,64.58333333333334,7.084066830606971
1572534384.7682283,23,-32,83,96,97,63.917525773195884,-3.3967965244928373
1572534384.7682283,24,67,82,97,97,63.917525773195884,7.084066830606971
1572534384.7682283,22,-132,84,100,98,63.26530612244899,-13.757582401273247
1572534384.7682283,18,-233,84,105,97,63.917525773195884,-23.372910562377935
1572534385.1776981,23,-32,83,96,96,64.58333333333334,-3.3967965244928373
1572534385.1776981,18,-233,84,105,97,63.917525773195884,-23.372910562377935
1572534385.1776981,24,68,82,98,96,64.58333333333334,7.188701044455634
1572534385.1776981,22,-132,84,100,99,62.62626262626264,-13.757582401273247
1572534385.5569727,23,-32,83,96,97,63.917525773195884,-3.3967965244928373
1572534385.5569727,18,-233,84,105,97,63.917525773195884,-23.372910562377935
1572534385.5569727,22,-132,84,100,98,63.26530612244899,-13.757582401273247
1572534385.5569727,24,67,82,97,97,63.917525773195884,7.084066830606971
1572534385.9861484,23,-32,83,96,96,64.58333333333334,-3.3967965244928373
1572534385.9861484,22,-132,84,100,99,62.62626262626264,-13.757582401273247
1572534385.9861484,18,-233,84,105,97,63.917525773195884,-23.372910562377935
1572534386.4458597,23,-32,83,96,96,64.58333333333334,-3.3967965244928373
1572534386.4458597,24,67,82,97,96,64.58333333333334,7.084066830606971
1572534386.4458597,18,-233,84,105,97,63.917525773195884,-23.372910562377935
1572534386.4458597,22,-132,84,100,98,63.26530612244899,-13.757582401273247
1572534386.8862896,23,-32,82,96,97,63.917525773195884,-3.3967965244928373
1572534386.8862896,24,67,82,97,96,64.58333333333334,7.084066830606971
1572534386.8862896,18,-233,84,105,97,63.917525773195884,-23.372910562377935
1572534386.8862896,22,-132,84,100,98,63.26530612244899,-13.757582401273247
1572534387.186427,24,67,82,97,96,64.58333333333334,7.084066830606971
1572534387.186427,23,-32,82,96,97,63.917525773195884,-3.3967965244928373
1572534387.186427,22,-132,84,100,98,63.26530612244899,-13.757582401273247
1572534387.186427,18,-233,84,105,97,63.917525773195884,-23.372910562377935
1572534387.5529034,24,67,82,97,97,63.917525773195884,7.084066830606971
1572534387.5529034,18,-233,84,105,97,63.917525773195884,-23.372910562377935
1572534388.0755131,23,-32,83,96,96,64.58333333333334,-3.3967965244928373
1572534388.0755131,18,-233,84,105,97,63.917525773195884,-23.372910562377935
1572534388.0755131,24,67,82,97,96,64.58333333333334,7.084066830606971
1572534388.0755131,22,-132,84,100,98,63.26530612244899,-13.757582401273247
1572534388.4846492,24,67,82,97,96,64.58333333333334,7.084066830606971
1572534388.4846492,23,-32,82,96,97,63.917525773195884,-3.3967965244928373
1572534388.4846492,18,-233,84,105,97,63.917525773195884,-23.372910562377935
1572534388.4846492,22,-132,84,100,98,63.26530612244899,-13.757582401273247
1572534388.8684282,23,-32,83,96,97,63.917525773195884,-3.3967965244928373
1572534388.8684282,22,-133,84,101,98,63.26530612244899,-13.857803363474689
1572534388.8684282,18,-233,84,105,97,63.917525773195884,-23.372910562377935
1572534388.8684282,24,67,82,97,96,64.58333333333334,7.084066830606971
1572534389.2809155,24,67,82,97,96,64.58333333333334,7.084066830606971
1572534389.2809155,23,-32,83,96,97,63.917525773195884,-3.3967965244928373
1572534389.2809155,18,-233,84,105,97,63.917525773195884,-23.372910562377935
1572534389.6614006,23,-32,83,96,96,64.58333333333334,-3.3967965244928373
1572534389.6614006,24,67,82,97,97,63.917525773195884,7.084066830606971
1572534389.6614006,18,-233,84,105,97,63.917525773195884,-23.372910562377935
1572534390.1098318,23,-32,82,96,97,63.917525773195884,-3.3967965244928373
1572534390.1098318,18,-233,84,106,97,63.917525773195884,-23.372910562377935
1572534390.1098318,22,-132,84,100,99,62.62626262626264,-13.757582401273247
1572534390.1098318,24,67,82,97,97,63.917525773195884,7.084066830606971
1572534390.511996,23,-32,82,96,97,63.917525773195884,-3.3967965244928373
1572534390.511996,18,-233,84,105,97,63.917525773195884,-23.372910562377935
1572534390.511996,24,67,82,97,97,63.917525773195884,7.084066830606971
1572534390.511996,22,-132,84,100,99,62.62626262626264,-13.757582401273247
1572534390.9220853,18,-233,84,105,97,63.917525773195884,-23.372910562377935
1572534390.9220853,22,-132,84,100,98,63.26530612244899,-13.757582401273247
1572534390.9220853,23,-32,82,96,97,63.917525773195884,-3.3967965244928373
1572534390.9220853,24,67,82,97,97,63.917525773195884,7.084066830606971
1572534391.2241225,23,-32,82,96,97,63.917525773195884,-3.3967965244928373
1572534391.2241225,24,67,82,97,96,64.58333333333334,7.084066830606971
1572534391.2241225,18,-233,84,105,97,63.917525773195884,-23.372910562377935
1572534391.2241225,22,-132,84,100,98,63.26530612244899,-13.757582401273247
1572534391.5234842,23,-32,83,96,96,64.58333333333334,-3.3967965244928373
1572534391.5234842,22,-133,84,101,99,62.62626262626264,-13.857803363474689
1572534391.5234842,18,-233,84,104,97,63.917525773195884,-23.372910562377935
1572534391.5234842,24,67,82,97,97,63.917525773195884,7.084066830606971
1572534391.9217696,23,-32,82,96,97,63.917525773195884,-3.3967965244928373
1572534391.9217696,22,-132,84,100,98,63.26530612244899,-13.757582401273247
1572534391.9217696,24,67,82,97,96,64.58333333333334,7.084066830606971
1572534391.9217696,18,-233,84,105,97,63.917525773195884,-23.372910562377935
1572534392.308765,23,-32,82,96,97,63.917525773195884,-3.3967965244928373
1572534392.308765,24,67,82,97,97,63.917525773195884,7.084066830606971
1572534392.308765,18,-233,84,105,97,63.917525773195884,-23.372910562377935
1572534392.308765,22,-132,84,100,99,62.62626262626264,-13.757582401273247
1572534392.6857684,23,-33,82,95,97,63.917525773195884,-3.502686126728226
1572534392.6857684,24,67,82,97,96,64.58333333333334,7.084066830606971
1572534392.6857684,18,-233,84,105,97,63.917525773195884,-23.372910562377935
1572534392.6857684,22,-132,84,100,99,62.62626262626264,-13.757582401273247
1572534392.997693,23,-32,83,94,96,64.58333333333334,-3.3967965244928373
1572534392.997693,18,-233,84,105,97,63.917525773195884,-23.372910562377935
1572534392.997693,24,67,82,97,97,63.917525773195884,7.084066830606971
1572534392.997693,22,-132,84,100,98,63.26530612244899,-13.757582401273247
1572534393.3865232,23,-32,82,96,97,63.917525773195884,-3.3967965244928373
1572534393.3865232,24,67,82,97,97,63.917525773195884,7.084066830606971
1572534393.3865232,22,-132,84,100,98,63.26530612244899,-13.757582401273247
1572534393.3865232,18,-233,84,105,97,63.917525773195884,-23.372910562377935
1572534393.7328298,23,-32,83,96,97,63.917525773195884,-3.3967965244928373
1572534393.7328298,24,67,82,97,97,63.917525773195884,7.084066830606971
1572534393.7328298,18,-233,84,105,97,63.917525773195884,-23.372910562377935
1572534393.7328298,22,-133,84,101,98,63.26530612244899,-13.857803363474689
1572534394.1121488,23,-32,82,96,97,63.917525773195884,-3.3967965244928373
1572534394.1121488,24,67,82,97,97,63.917525773195884,7.084066830606971
1572534394.1121488,22,-132,84,100,98,63.26530612244899,-13.757582401273247
1572534394.1121488,18,-233,84,105,97,63.917525773195884,-23.372910562377935
1572534394.5106528,18,-233,84,105,97,63.917525773195884,-23.372910562377935
1572534394.5106528,23,-32,83,96,96,64.58333333333334,-3.3967965244928373
1572534394.5106528,24,67,82,97,97,63.917525773195884,7.084066830606971
1572534394.5106528,22,-132,84,100,98,63.26530612244899,-13.757582401273247
1572534394.907606,23,-32,83,96,97,63.917525773195884,-3.3967965244928373
1572534394.907606,18,-233,84,105,97,63.917525773195884,-23.372910562377935
1572534394.907606,22,-133,84,101,98,63.26530612244899,-13.857803363474689
1572534394.907606,24,68,82,98,97,63.917525773195884,7.188701044455634
1572534395.33,24,67,82,97,96,64.58333333333334,7.084066830606971
1572534395.33,22,-133,84,101,98,63.26530612244899,-13.857803363474689
1572534395.33,23,-32,82,96,97,63.917525773195884,-3.3967965244928373
1572534395.33,18,-233,84,105,97,63.917525773195884,-23.372910562377935
1572534395.7603679,23,-32,83,96,97,63.917525773195884,-3.3967965244928373
1572534395.7603679,24,67,82,97,97,63.917525773195884,7.084066830606971
1572534395.7603679,22,-132,84,100,99,62.62626262626264,-13.757582401273247
1572534395.7603679,18,-233,84,105,97,63.917525773195884,-23.372910562377935
1572534396.1350524,22,-132,84,100,98,63.26530612244899,-13.757582401273247
1572534396.1350524,23,-32,83,96,97,63.917525773195884,-3.3967965244928373
1572534396.1350524,24,67,82,97,96,64.58333333333334,7.084066830606971
1572534396.1350524,18,-233,84,105,97,63.917525773195884,-23.372910562377935
1572534396.4904494,24,67,82,97,97,63.917525773195884,7.084066830606971
1572534396.4904494,18,-233,84,104,97,63.917525773195884,-23.372910562377935
1572534396.4904494,23,-32,83,96,96,64.58333333333334,-3.3967965244928373
1572534396.4904494,22,-132,84,100,98,63.26530612244899,-13.757582401273247
1572534396.8456335,18,-233,84,105,97,63.917525773195884,-23.372910562377935
1572534396.8456335,23,-32,82,96,97,63.917525773195884,-3.3967965244928373
1572534396.8456335,22,-132,84,100,98,63.26530612244899,-13.757582401273247
1572534396.8456335,24,67,82,97,96,64.58333333333334,7.084066830606971
1572534397.2077367,23,-32,83,96,96,64.58333333333334,-3.3967965244928373
1572534397.2077367,18,-233,84,105,97,63.917525773195884,-23.372910562377935
1572534397.2077367,24,67,82,97,97,63.917525773195884,7.084066830606971
1572534397.2077367,22,-132,84,100,99,62.62626262626264,-13.757582401273247
1572534397.621628,22,-132,84,100,98,63.26530612244899,-13.757582401273247
1572534397.621628,24,67,82,97,96,64.58333333333334,7.084066830606971
1572534397.621628,18,-233,84,105,97,63.917525773195884,-23.372910562377935
1572534398.0095444,18,-233,84,105,97,63.917525773195884,-23.372910562377935
1572534398.0095444,23,-32,82,96,97,63.917525773195884,-3.3967965244928373
1572534398.0095444,24,67,82,97,96,64.58333333333334,7.084066830606971
1572534398.0095444,22,-132,84,100,98,63.26530612244899,-13.757582401273247
1572534398.4008002,23,-32,83,96,98,63.26530612244899,-3.3967965244928373
1572534398.4008002,24,67,82,97,97,63.917525773195884,7.084066830606971
1572534398.4008002,18,-233,84,105,97,63.917525773195884,-23.372910562377935
1572534398.4008002,22,-132,84,100,98,63.26530612244899,-13.757582401273247
1572534398.808992,24,67,82,97,96,64.58333333333334,7.084066830606971
1572534398.808992,18,-233,84,105,97,63.917525773195884,-23.372910562377935
1572534398.808992,23,-32,83,96,96,64.58333333333334,-3.3967965244928373
1572534398.808992,22,-132,84,100,98,63.26530612244899,-13.757582401273247
1572534399.2101731,23,-32,83,95,96,64.58333333333334,-3.3967965244928373
1572534399.2101731,24,67,82,97,96,64.58333333333334,7.084066830606971
1572534399.2101731,22,-132,84,100,98,63.26530612244899,-13.757582401273247
1572534399.2101731,18,-233,84,105,97,63.917525773195884,-23.372910562377935
1572534399.5642254,23,-32,83,96,96,64.58333333333334,-3.3967965244928373
1572534399.5642254,24,67,82,97,96,64.58333333333334,7.084066830606971
1572534399.5642254,18,-233,84,105,97,63.917525773195884,-23.372910562377935
1572534399.5642254,22,-132,84,100,98,63.26530612244899,-13.757582401273247
1572534399.9330072,18,-233,84,105,97,63.917525773195884,-23.372910562377935
1572534399.9330072,23,-32,82,96,97,63.917525773195884,-3.3967965244928373
1572534399.9330072,22,-132,84,100,98,63.26530612244899,-13.757582401273247
1572534399.9330072,24,67,82,97,97,63.917525773195884,7.084066830606971
1572534400.3602896,24,67,82,97,96,64.58333333333334,7.084066830606971
1572534400.3602896,22,-132,84,100,98,63.26530612244899,-13.757582401273247
1572534400.3602896,23,-32,83,96,97,63.917525773195884,-3.3967965244928373
1572534400.3602896,18,-233,84,105,97,63.917525773195884,-23.372910562377935
1572534400.7013485,24,67,82,97,96,64.58333333333334,7.084066830606971
1572534400.7013485,22,-132,84,100,98,63.26530612244899,-13.757582401273247
1572534400.7013485,23,-32,83,96,96,64.58333333333334,-3.3967965244928373
1572534400.7013485,18,-233,84,105,97,63.917525773195884,-23.372910562377935
1572534401.1262877,23,-32,83,96,97,63.917525773195884,-3.3967965244928373
1572534401.1262877,24,67,82,97,97,63.917525773195884,7.084066830606971
1572534401.1262877,18,-233,84,105,97,63.917525773195884,-23.372910562377935
1572534401.1262877,22,-132,84,100,98,63.26530612244899,-13.757582401273247
1572534401.5512218,24,67,82,97,96,64.58333333333334,7.084066830606971
1572534401.5512218,23,-32,82,96,97,63.917525773195884,-3.3967965244928373
1572534401.5512218,22,-132,84,100,98,63.26530612244899,-13.757582401273247
1572534401.5512218,18,-233,84,105,97,63.917525773195884,-23.372910562377935
1572534401.9142654,24,67,82,97,96,64.58333333333334,7.084066830606971
1572534401.9142654,23,-32,83,96,96,64.58333333333334,-3.3967965244928373
1572534401.9142654,22,-132,84,100,98,63.26530612244899,-13.757582401273247
1572534401.9142654,18,-233,84,105,97,63.917525773195884,-23.372910562377935
1572534402.2995772,23,-32,83,96,96,64.58333333333334,-3.3967965244928373
1572534402.2995772,22,-132,84,100,98,63.26530612244899,-13.757582401273247
1572534402.2995772,18,-233,84,105,97,63.917525773195884,-23.372910562377935
1572534402.2995772,24,67,82,97,96,64.58333333333334,7.084066830606971
1572534402.7267106,24,67,82,97,97,63.917525773195884,7.084066830606971
1572534402.7267106,22,-132,84,100,98,63.26530612244899,-13.757582401273247
1572534402.7267106,18,-233,84,105,97,63.917525773195884,-23.372910562377935
1572534403.1821256,24,67,82,97,96,64.58333333333334,7.084066830606971
1572534403.1821256,22,-132,84,100,98,63.26530612244899,-13.757582401273247
1572534403.1821256,23,-32,83,96,96,64.58333333333334,-3.3967965244928373
1572534403.1821256,18,-233,84,105,97,63.917525773195884,-23.372910562377935
1572534403.5582962,24,67,82,97,96,64.58333333333334,7.084066830606971
1572534403.5582962,23,-32,83,96,96,64.58333333333334,-3.3967965244928373
1572534403.5582962,18,-233,84,105,97,63.917525773195884,-23.372910562377935
1572534403.5582962,22,-132,84,100,98,63.26530612244899,-13.757582401273247
1572534403.9492342,24,67,82,97,97,63.917525773195884,7.084066830606971
1572534403.9492342,22,-132,84,100,98,63.26530612244899,-13.757582401273247
1572534403.9492342,23,-32,82,96,97,63.917525773195884,-3.3967965244928373
1572534403.9492342,18,-233,84,105,97,63.917525773195884,-23.372910562377935
1572534404.3023813,23,-32,82,96,97,63.917525773195884,-3.3967965244928373
1572534404.3023813,24,67,82,97,97,63.917525773195884,7.084066830606971
1572534404.3023813,18,-233,84,105,97,63.917525773195884,-23.372910562377935
1572534404.739519,24,68,82,98,97,63.917525773195884,7.188701044455634
1572534404.739519,23,-32,82,96,97,63.917525773195884,-3.3967965244928373
1572534404.739519,22,-132,84,100,98,63.26530612244899,-13.757582401273247
1572534404.739519,18,-233,84,105,97,63.917525773195884,-23.372910562377935
1572534405.1979873,24,67,82,97,96,64.58333333333334,7.084066830606971
1572534405.1979873,22,-132,84,100,98,63.26530612244899,-13.757582401273247
1572534405.1979873,23,-32,82,96,97,63.917525773195884,-3.3967965244928373
1572534405.1979873,18,-233,84,105,97,63.917525773195884,-23.372910562377935
1572534405.5885034,24,67,82,97,96,64.58333333333334,7.084066830606971
1572534405.5885034,23,-32,83,96,96,64.58333333333334,-3.3967965244928373
1572534405.5885034,18,-233,84,105,97,63.917525773195884,-23.372910562377935
1572534405.5885034,22,-132,84,100,98,63.26530612244899,-13.757582401273247
1572534405.9223807,23,-32,82,96,97,63.917525773195884,-3.3967965244928373
1572534405.9223807,24,67,82,97,96,64.58333333333334,7.084066830606971
1572534405.9223807,18,-233,84,105,97,63.917525773195884,-23.372910562377935
1572534406.3895679,23,-32,82,96,97,63.917525773195884,-3.3967965244928373
1572534406.3895679,24,67,82,97,97,63.917525773195884,7.084066830606971
1572534406.3895679,22,-132,84,100,98,63.26530612244899,-13.757582401273247
1572534406.3895679,18,-233,84,105,97,63.917525773195884,-23.372910562377935
1572534406.77748,22,-132,84,100,98,63.26530612244899,-13.757582401273247
1572534406.77748,23,-32,83,96,96,64.58333333333334,-3.3967965244928373
1572534406.77748,24,67,82,97,96,64.58333333333334,7.084066830606971
1572534406.77748,18,-233,84,105,97,63.917525773195884,-23.372910562377935
1572534407.1674669,18,-233,84,105,97,63.917525773195884,-23.372910562377935
1572534407.1674669,22,-132,84,100,98,63.26530612244899,-13.757582401273247
1572534407.5723815,24,67,82,97,97,63.917525773195884,7.084066830606971
1572534407.5723815,23,-32,82,96,97,63.917525773195884,-3.3967965244928373
1572534407.5723815,22,-132,84,100,98,63.26530612244899,-13.757582401273247
1572534407.5723815,18,-233,84,105,97,63.917525773195884,-23.372910562377935
1572534407.9527838,24,67,82,97,97,63.917525773195884,7.084066830606971
1572534407.9527838,22,-132,84,100,98,63.26530612244899,-13.757582401273247
1572534407.9527838,23,-32,82,96,97,63.917525773195884,-3.3967965244928373
1572534407.9527838,18,-233,84,105,97,63.917525773195884,-23.372910562377935
1572534408.3553016,23,-32,82,96,97,63.917525773195884,-3.3967965244928373
1572534408.3553016,24,67,82,97,96,64.58333333333334,7.084066830606971
1572534408.3553016,18,-233,84,105,97,63.917525773195884,-23.372910562377935
1572534408.3553016,22,-132,84,100,98,63.26530612244899,-13.757582401273247
1572534408.7088237,23,-32,83,96,97,63.917525773195884,-3.3967965244928373
1572534408.7088237,24,67,82,97,97,63.917525773195884,7.084066830606971
1572534408.7088237,18,-233,84,105,97,63.917525773195884,-23.372910562377935
1572534408.7088237,22,-133,84,101,98,63.26530612244899,-13.857803363474689
1572534409.1469932,23,-33,83,95,96,64.58333333333334,-3.502686126728226
1572534409.1469932,24,67,82,97,97,63.917525773195884,7.084066830606971
1572534409.1469932,18,-233,84,105,97,63.917525773195884,-23.372910562377935
1572534409.6687715,24,67,82,97,96,64.58333333333334,7.084066830606971
1572534409.6687715,23,-32,83,96,96,64.58333333333334,-3.3967965244928373
1572534409.6687715,22,-132,84,100,98,63.26530612244899,-13.757582401273247
1572534409.6687715,18,-233,84,105,97,63.917525773195884,-23.372910562377935
1572534410.047512,23,-32,83,96,98,63.26530612244899,-3.3967965244928373
1572534410.047512,18,-233,84,105,97,63.917525773195884,-23.372910562377935
1572534410.047512,24,67,82,97,96,64.58333333333334,7.084066830606971
1572534410.496013,22,-90,82,96,97,63.917525773195884,-9.477307372980938
1572534410.496013,23,10,82,97,98,63.26530612244899,1.0626224461126088
1572534410.496013,18,-188,83,99,95,65.26315789473685,-19.224157790184744
1572534410.496013,24,112,82,104,100,62.00000000000001,11.735810008694882
1572534410.716087,17,-243,83,92,94,65.95744680851065,-24.262318581404937
1572534410.716087,18,-151,82,96,95,65.26315789473685,-15.64653107388349
1572534410.716087,22,-56,82,95,97,63.917525773195884,-5.93010210572097
1572534410.716087,23,44,82,99,99,62.62626262626264,4.665734278244758
1572534410.716087,24,150,83,110,102,60.78431372549021,15.547939558288776
1572534410.9772315,17,-210,84,90,94,65.95744680851065,-21.281715998314297
1572534410.9772315,18,-121,84,93,96,64.58333333333334,-12.649593914834636
1572534410.9772315,22,-25,83,95,99,62.62626262626264,-2.6549588769771035
1572534410.9772315,23,77,83,104,103,60.194174757281566,8.12816168126673
1572534410.9772315,24,189,85,121,108,57.40740740740742,19.318855748568993
1572534411.1766367,16,-273,83,83,90,68.8888888888889,-26.856330020488013
1572534411.1766367,17,-190,83,89,93,66.66666666666667,-19.413444096195985
1572534411.1766367,18,-101,84,91,96,64.58333333333334,-10.610727614582158
1572534411.1766367,22,-5,83,96,99,62.62626262626264,-0.5313569149387267
1572534411.1766367,23,99,84,108,105,59.04761904761906,10.40524832365576
1572534411.1766367,24,213,85,123,110,56.363636363636374,21.558016806404698
1572534411.4165223,16,-244,82,80,89,69.66292134831461,-24.350587059891964
1572534411.4165223,17,-163,83,86,93,66.66666666666667,-16.822099089140682
1572534411.4165223,18,-75,84,90,96,64.58333333333334,-7.9197544899131636
1572534411.4165223,22,21,84,97,102,60.78431372549021,2.2306353530719227
1572534411.4165223,23,129,85,114,108,57.40740740740742,13.456406039455286
1572534411.4165223,24,248,85,129,115,53.913043478260875,24.70243022777131
1572534411.6182482,16,-224,84,79,88,70.45454545454547,-22.562096537309067
1572534411.6182482,17,-144,84,85,94,65.95744680851065,-14.95442198679177
1572534411.6182482,18,-56,85,90,98,63.26530612244899,-5.93010210572097
1572534411.6182482,22,42,85,101,105,59.04761904761906,4.454529204005441
1572534412.075558,17,-198,86,94,98,63.26530612244899,-20.16616661121554
1572534412.075558,18,-105,86,98,100,62.00000000000001,-11.02085430376855
1572534412.075558,22,-6,86,101,105,59.04761904761906,-0.6376202550928943
1572534412.075558,23,104,87,113,111,55.855855855855864,10.918428084857842
1572534412.075558,24,225,88,127,117,52.991452991453,22.65266630670857
1572534412.2771437,18,-139,86,102,103,60.194174757281566,-14.457296979738553
1572534412.2771437,22,-38,86,103,105,59.04761904761906,-4.031760588950713
1572534412.2771437,23,72,87,109,110,56.363636363636374,7.606749474630248
1572534412.2771437,24,190,88,122,115,53.913043478260875,19.413444096195985
1572534412.494281,18,-181,88,109,106,58.49056603773586,-18.558230898863858
1572534412.494281,22,-75,86,108,107,57.94392523364487,-7.9197544899131636
1572534412.494281,23,36,86,108,109,56.88073394495414,3.8202083666617566
1572534412.494281,24,151,87,118,113,54.86725663716815,15.64653107388349
1572534412.726507,23,-2,86,108,109,56.88073394495414,-0.212547884480388
1572534412.726507,22,-115,87,111,111,55.855855855855864,-12.041101970999687
1572534412.726507,18,-226,88,116,109,56.88073394495414,-22.743116735138678
1572534412.726507,24,112,87,114,111,55.855855855855864,11.735810008694882
1572534413.039243,18,-236,91,120,114,54.38596491228071,-23.641011588162154
1572534413.039243,22,-121,90,116,114,54.38596491228071,-12.649593914834636
1572534413.039243,23,-4,89,113,114,54.38596491228071,-0.425089919132221
1572534413.039243,24,114,90,119,116,53.448275862068975,11.939414178352928
1572534413.318284,24,117,91,122,119,52.10084033613446,12.244246202334178
1572534413.318284,22,-127,91,121,119,52.10084033613446,-13.255198990360212
1572534413.662388,23,-8,91,121,122,50.81967213114755,-0.8501330454313055
1572534413.662388,24,120,91,127,125,49.60000000000001,12.5483759390987
1572534413.96443,23,-10,90,125,127,48.81889763779528,-1.0626224461126088
1572534413.96443,22,-141,92,131,128,48.43750000000001,-14.656418438272837
1572534413.96443,24,123,91,132,129,48.062015503875976,12.851788734777642
1572534414.1995192,23,-11,89,130,131,47.328244274809165,-1.1688565501000576
1572534414.1995192,22,-147,91,135,132,46.969696969696976,-15.251599858657364
1572534414.1995192,24,125,90,135,132,46.969696969696976,13.053658498766145
1572534414.414381,22,-152,91,140,136,45.58823529411765,-15.745027649154892
1572534414.414381,23,-12,89,134,135,45.92592592592593,-1.2750826169617748
1572534414.414381,24,128,89,140,135,45.92592592592593,13.355844454032088
1572534414.6768608,22,-158,91,144,141,43.971631205673766,-16.333988693792744
1572534414.6768608,23,-13,90,139,140,44.28571428571429,-1.3812999174368017
1572534414.6768608,24,132,90,146,142,43.66197183098592,13.757582401273247
1572534414.964338,22,-165,91,152,147,42.17687074829933,-17.016645682135483
1572534414.964338,23,-15,90,145,146,42.46575342465754,-1.593705304019792
1572534414.964338,24,136,89,151,146,42.46575342465754,14.157945744790373
1572534415.242801,22,-171,92,156,154,40.25974025974027,-17.597851763104355
1572534415.242801,23,-14,90,151,152,40.789473684210535,-1.4875077226255586
1572534415.242801,24,143,89,159,153,40.52287581699347,14.855178588237854
1572534415.5263696,22,-160,93,159,157,39.490445859872615,-16.52952974363854
1572534415.5263696,23,2,91,156,158,39.24050632911393,0.212547884480388
1572534415.5263696,24,166,91,168,160,38.75000000000001,17.11376786745745
1572534415.7713525,22,-139,93,159,160,38.75000000000001,-14.457296979738553
1572534415.7713525,23,27,91,160,163,38.036809815950924,2.8670143121816682
1572534415.7713525,24,198,93,180,168,36.90476190476191,20.16616661121554
1572534415.964297,22,-118,94,157,162,38.27160493827161,-12.345701541512671
1572534415.964297,23,51,93,166,168,36.90476190476191,5.403915134496321
1572534415.964297,24,227,94,189,174,35.63218390804598,22.833447608379913
1572534416.1687245,18,-245,96,152,158,39.24050632911393,-24.438732622188876
1572534416.1687245,22,-92,95,158,164,37.804878048780495,-9.683968218485054
1572534416.5330796,18,-220,98,152,162,38.27160493827161,-22.198628437866404
1572534416.5330796,22,-65,97,163,171,36.257309941520475,-6.874656524321
1572534416.5330796,23,113,99,187,184,33.69565217391305,11.837650005357451
1572534416.8391204,18,-209,98,155,167,37.125748502994014,-21.189383845645846
1572534416.8391204,22,-50,99,168,179,34.63687150837989,-5.298565069899935
1572534416.8391204,23,137,101,199,196,31.632653061224495,14.257818049510549
1572534417.1361814,18,-222,100,164,177,35.02824858757063,-22.380599847244042
1572534417.1361814,22,-55,101,178,189,32.80423280423281,-5.824942124530689
1572534417.1361814,23,145,104,212,208,29.807692307692314,15.053573641452305
1572534417.3268087,18,-228,102,168,183,33.879781420765035,-22.923658715156016
1572534417.3268087,22,-56,104,184,198,31.31313131313132,-5.93010210572097
1572534417.3268087,23,152,107,222,218,28.44036697247707,15.745027649154892
1572534417.5184455,18,-215,103,168,186,33.333333333333336,-21.741635082339087
1572534417.5184455,22,-40,105,188,202,30.6930693069307,-4.243202757619135
1572534417.5184455,23,173,108,233,227,27.31277533039648,17.790765425423544
1572534417.7090707,18,-202,103,168,189,32.80423280423281,-20.53983965738927
1572534417.7090707,22,-24,106,193,210,29.52380952380953,-2.548903494068427
1572534417.7090707,23,198,109,247,237,26.16033755274262,20.16616661121554
1572534417.9000218,18,-183,103,166,192,32.29166666666667,-18.74903541444329
1572534417.9000218,22,-2,106,197,216,28.70370370370371,-0.212547884480388
1572534418.158275,18,-154,103,164,196,31.632653061224495,-15.9417342048233
1572534418.158275,22,33,107,206,225,27.55555555555556,3.502686126728226
1572534418.413797,18,-120,103,163,200,31.000000000000004,-12.5483759390987
1572534418.413797,22,75,109,219,239,25.941422594142264,7.9197544899131636
1572534418.6694188,17,-230,98,128,176,35.227272727272734,-23.103720798874804
1572534418.6694188,18,-89,104,163,206,30.097087378640783,-9.373883203052992
1572534418.6694188,22,115,112,235,253,24.505928853754945,12.041101970999687
1572534418.8682477,17,-207,99,127,178,34.831460674157306,-21.00437328468872
1572534418.8682477,18,-65,105,164,211,29.383886255924175,-6.874656524321
1572534419.1497738,17,-172,99,124,179,34.63687150837989,-17.694360399947715
1572534419.1497738,18,-27,108,170,220,28.181818181818187,-2.8670143121816682
1572534419.445316,16,-248,95,93,155,40.00000000000001,-24.70243022777131
1572534419.445316,17,-144,100,124,185,33.513513513513516,-14.95442198679177
1572534419.7602036,16,-220,97,92,157,39.490445859872615,-22.198628437866404
1572534419.7602036,17,-117,102,123,191,32.4607329842932,-12.244246202334178
1572534420.0402322,17,-66,105,122,196,31.632653061224495,-6.979385101571969
1572534420.294352,16,-126,97,86,156,39.74358974358975,-13.154470165334144
1572534420.5980883,16,-92,98,84,160,38.75000000000001,-9.683968218485054
1572534420.8708956,16,-66,99,85,164,37.804878048780495,-6.979385101571969
1572534421.8390849,6,-250,81,96,86,72.09302325581396,-24.877611194528516
1572534422.1047635,6,-222,80,93,85,72.94117647058825,-22.380599847244042
1572534422.1047635,12,-31,91,59,141,43.971631205673766,-3.2908836860672923
1572534422.4451294,6,-185,81,90,84,73.80952380952382,-18.939409542593506
1572534422.4451294,12,6,93,60,146,42.46575342465754,0.6376202550928943
1572534422.7354147,6,-157,81,87,84,73.80952380952382,-16.236070980753333
1572534422.7354147,5,-250,82,101,90,68.8888888888889,-24.877611194528516
1572534423.0457954,6,-133,80,86,83,74.6987951807229,-13.857803363474689
1572534423.0457954,5,-226,81,99,89,69.66292134831461,-22.743116735138678
1572534423.4477656,6,-106,81,85,84,73.80952380952382,-11.12320925012442
1572534423.4477656,5,-197,82,97,89,69.66292134831461,-20.07246656737335
1572534423.785285,6,-87,81,85,85,72.94117647058825,-9.16685046013392
1572534423.785285,5,-178,83,98,90,68.8888888888889,-18.27122325552057
1572534424.1309135,6,-90,81,88,87,71.26436781609196,-9.477307372980938
1572534424.1309135,5,-185,83,101,92,67.3913043478261,-18.939409542593506
1572534424.1309135,11,62,94,52,136,45.58823529411765,6.560196400571308
1572534424.4754586,6,-79,82,89,89,69.66292134831461,-8.336352562554062
1572534424.4754586,5,-174,84,102,94,65.95744680851065,-17.887066461315495
1572534424.7697365,6,-51,82,88,88,70.45454545454547,-5.403915134496321
1572534424.7697365,5,-145,83,100,94,65.95744680851065,-15.053573641452305
1572534424.7697365,4,-249,84,111,98,63.26530612244899,-24.790082554948466
1572534425.0326972,5,-122,82,97,93,66.66666666666667,-12.75073169147278
1572534425.0326972,4,-223,83,108,97,63.917525773195884,-22.47140764411092
1572534425.3914695,6,-6,81,89,91,68.13186813186815,-0.6376202550928943
1572534425.3914695,4,-202,83,108,98,63.26530612244899,-20.53983965738927
1572534425.9,6,-1,81,94,95,65.26315789473685,-0.1062743078657994
1572534425.9,5,-101,82,101,99,62.62626262626264,-10.610727614582158
1572534425.9,4,-207,83,111,102,60.78431372549021,-21.00437328468872
1572534426.2681966,6,37,81,96,98,63.26530612244899,3.9259978795075465
1572534426.2681966,5,-64,81,100,99,62.62626262626264,-6.769881767673709
1572534426.2681966,4,-169,82,110,101,61.3861386138614,-17.404525184005227
1572534426.5716686,6,39,81,100,100,62.00000000000001,4.13749578470897
1572534426.5716686,5,-67,81,103,103,60.194174757281566,-7.084066830606971
1572534426.9634278,6,38,81,103,104,59.61538461538463,4.031760588950713
1572534426.9634278,5,-71,81,107,107,57.94392523364487,-7.502311953416964
1572534426.9634278,4,-184,82,119,109,56.88073394495414,-18.84427644904627
1572534427.26819,6,39,81,107,107,57.94392523364487,4.13749578470897
1572534427.26819,5,-73,82,112,110,56.363636363636374,-7.711136174370049
1572534427.26819,4,-191,83,123,113,54.86725663716815,-19.507922508578496
1572534427.570702,6,40,81,111,112,55.35714285714287,4.243202757619135
1572534427.570702,5,-77,81,116,115,53.913043478260875,-8.12816168126673
1572534427.570702,4,-198,83,128,118,52.54237288135594,-20.16616661121554
1572534427.9316835,6,48,81,115,116,53.448275862068975,5.0877578101051295
1572534427.9316835,5,-74,82,119,119,52.10084033613446,-7.815471397254411
1572534427.9316835,4,-199,83,131,122,50.81967213114755,-20.25975423688004
1572534428.238491,6,83,83,120,120,51.66666666666667,8.752064820144541
1572534428.238491,4,-166,83,129,121,51.23966942148761,-17.11376786745745
1572534428.5919106,5,-44,83,124,124,50.00000000000001,-4.665734278244758
1572534428.5919106,6,86,84,126,125,49.60000000000001,9.063243130687955
1572534428.5919106,4,-174,84,135,126,49.206349206349216,-17.887066461315495
1572534428.7943108,5,-47,84,128,128,48.43750000000001,-4.982302006398639
1572534428.7943108,6,86,84,128,129,48.062015503875976,9.063243130687955
1572534428.7943108,4,-181,85,139,130,47.6923076923077,-18.558230898863858
1572534429.0211558,6,86,86,131,132,46.969696969696976,9.063243130687955
1572534429.0211558,4,-188,86,144,134,46.268656716417915,-19.224157790184744
1572534429.0211558,5,-51,85,132,132,46.969696969696976,-5.403915134496321
1572534429.3911982,6,89,89,139,139,44.6043165467626,9.373883203052992
1572534429.3911982,5,-56,89,140,140,44.28571428571429,-5.93010210572097
1572534429.3911982,4,-201,89,152,141,43.971631205673766,-20.44659105159719
1572534429.6677694,5,-60,93,146,147,42.17687074829933,-6.350334386893197
1572534429.6677694,6,91,93,144,145,42.75862068965518,9.58066925009003
1572534429.6677694,4,-213,94,161,148,41.891891891891895,-21.558016806404698
1572534429.951635,6,104,95,154,152,40.789473684210535,10.918428084857842
1572534429.951635,5,-54,95,151,152,40.789473684210535,-5.719742748496919
1572534429.951635,4,-211,95,164,153,40.52287581699347,-21.373932381663405
1572534430.1942701,4,-191,96,163,155,40.00000000000001,-19.507922508578496
1572534430.1942701,6,132,98,162,159,38.99371069182391,13.757582401273247
1572534430.1942701,5,-31,96,154,155,40.00000000000001,-3.2908836860672923
1572534430.5031009,4,-162,98,161,158,39.24050632911393,-16.7246754916319
1572534430.8826218,4,-112,99,158,162,38.27160493827161,-11.735810008694882
1572534430.8826218,5,56,101,168,171,36.257309941520475,5.93010210572097
1572534430.8826218,6,239,105,198,180,34.44444444444445,23.90801879906859
1572534431.1502957,30,-230,98,150,156,39.74358974358975,-23.103720798874804
1572534431.1502957,4,-82,100,158,167,37.125748502994014,-8.648222041878432
1572534431.1502957,5,91,104,176,179,34.63687150837989,9.58066925009003
1572534431.4523737,30,-226,99,155,162,38.27160493827161,-22.743116735138678
1572534431.4523737,4,-74,102,165,174,35.63218390804598,-7.815471397254411
1572534431.4523737,5,108,106,187,189,32.80423280423281,11.327703014829057
1572534431.74259,30,-237,101,162,171,36.257309941520475,-23.73013577082146
1572534431.74259,4,-79,104,173,183,33.879781420765035,-8.336352562554062
1572534431.74259,5,112,109,197,200,31.000000000000004,11.735810008694882
1572534432.0227537,30,-229,102,163,176,35.227272727272734,-23.013749847125784
1572534432.0227537,4,-66,105,177,191,32.4607329842932,-6.979385101571969
1572534432.0227537,5,135,111,211,212,29.24528301886793,14.05798553291573
1572534432.244598,30,-207,102,161,178,34.831460674157306,-21.00437328468872
1572534432.244598,4,-41,106,180,196,31.632653061224495,-4.348880799665057
1572534432.244598,5,165,112,223,221,28.05429864253394,17.016645682135483
1572534432.4329596,30,-186,102,159,180,34.44444444444445,-19.034434354835188
1572534432.4329596,4,-19,107,184,201,30.84577114427861,-2.018378836856321
1572534432.4329596,5,195,113,236,229,27.074235807860266,19.884730425939498
1572534432.6277862,30,-165,102,158,182,34.06593406593407,-17.016645682135483
1572534432.6277862,4,4,108,188,206,30.097087378640783,0.425089919132221
1572534432.8886867,30,-154,103,162,188,32.97872340425533,-15.9417342048233
1572534432.8886867,4,22,110,199,218,28.44036697247707,2.3367410088134952
1572534433.1360445,30,-162,105,169,199,31.155778894472366,-16.7246754916319
1572534433.1360445,4,23,113,208,230,26.956521739130437,2.4428306303611227
1572534433.3878791,30,-165,107,174,207,29.951690821256044,-17.016645682135483
1572534433.3878791,4,30,116,222,245,25.306122448979597,3.1849483278557194
1572534433.6415653,30,-138,108,173,212,29.24528301886793,-14.357601956885965
1572534433.6415653,4,65,118,233,257,24.124513618677046,6.874656524321
1572534433.847837,29,-255,102,136,185,33.513513513513516,-25.313394061515783
1572534433.847837,30,-111,111,173,220,28.181818181818187,-11.633894747793091
1572534434.1475217,29,-220,103,132,186,33.333333333333336,-22.198628437866404
1572534434.1475217,30,-75,112,174,227,27.31277533039648,-7.9197544899131636
1572534434.4323213,29,-186,104,131,190,32.631578947368425,-19.034434354835188
1572534434.4323213,30,-39,115,177,237,26.16033755274262,-4.13749578470897
1572534434.6980073,28,-254,97,95,158,39.24050632911393,-25.226485996516757
1572534434.6980073,29,-152,105,128,194,31.958762886597942,-15.745027649154892
1572534434.9848566,28,-219,97,93,160,38.75000000000001,-22.10746528048097
1572534434.9848566,29,-118,106,128,198,31.31313131313132,-12.345701541512671
1572534435.2612622,28,-188,98,90,162,38.27160493827161,-19.224157790184744
1572534435.2612622,29,-88,107,127,204,30.392156862745104,-9.27039735856775
1572534435.5168228,28,-160,97,90,163,38.036809815950924,-16.52952974363854
1572534435.5168228,29,-59,108,129,210,29.52380952380953,-6.245338828597758
1572534435.774021,28,-133,97,88,165,37.57575757575758,-13.857803363474689
1572534436.3586931,36,-146,92,61,138,44.92753623188406,-15.152633086342712
1572534437.7730541,19,-258,79,100,91,68.13186813186815,-25.573370599428543
1572534438.00963,19,-261,81,103,92,67.3913043478261,-25.832223007136133
1572534438.00963,36,-45,103,63,163,38.036809815950924,-4.771289540584061
1572534438.313738,19,-267,81,106,94,65.95744680851065,-26.34654275119931
1572534438.618859,19,-254,81,106,95,65.26315789473685,-25.226485996516757
1572534438.8718445,19,-229,81,103,95,65.26315789473685,-23.013749847125784
1572534439.1210566,19,-189,81,99,93,66.66666666666667,-19.318855748568993
1572534439.369882,19,-154,81,95,92,67.3913043478261,-15.9417342048233
1572534439.369882,20,-256,83,110,97,63.917525773195884,-25.400177603160106
1572534439.6173558,19,-130,81,93,92,67.3913043478261,-13.55688323266358
1572534439.6173558,20,-231,83,107,97,63.917525773195884,-23.19357136790705
1572534439.9214811,19,-118,80,93,93,66.66666666666667,-12.345701541512671
1572534439.9214811,35,54,99,53,152,40.789473684210535,5.719742748496919
1572534439.9214811,20,-219,83,108,98,63.26530612244899,-22.10746528048097
1572534440.3179228,19,-122,79,97,97,63.917525773195884,-12.75073169147278
1572534440.3179228,20,-227,82,112,102,60.78431372549021,-22.833447608379913
1572534440.6481252,19,-100,79,97,97,63.917525773195884,-10.508022140232413
1572534440.6481252,20,-206,82,111,103,60.194174757281566,-20.91169541023082
1572534440.9478831,19,-59,78,95,97,63.917525773195884,-6.245338828597758
1572534440.9478831,20,-163,81,105,101,61.3861386138614,-16.822099089140682
1572534441.2146375,19,-19,78,96,96,64.58333333333334,-2.018378836856321
1572534441.2146375,21,-227,82,110,103,60.194174757281566,-22.833447608379913
1572534441.2146375,20,-121,80,101,101,61.3861386138614,-12.649593914834636
1572534441.4500816,20,-108,80,102,102,60.78431372549021,-11.327703014829057
1572534441.4500816,21,-214,82,110,103,60.194174757281566,-21.649884338417362
1572534441.8050396,20,-113,80,105,105,59.04761904761906,-11.837650005357451
1572534441.8050396,19,-6,77,100,101,61.3861386138614,-0.6376202550928943
1572534441.8050396,21,-223,82,114,107,57.94392523364487,-22.47140764411092
1572534442.1761966,19,21,77,104,104,59.61538461538463,2.2306353530719227
1572534442.1761966,20,-88,78,105,107,57.94392523364487,-9.27039735856775
1572534442.1761966,21,-198,81,112,107,57.94392523364487,-20.16616661121554
1572534442.451397,20,-58,78,105,107,57.94392523364487,-6.140301141305523
1572534442.451397,19,52,77,108,106,58.49056603773586,5.509228563623229
1572534442.451397,21,-167,80,109,107,57.94392523364487,-17.210788777144447
1572534442.8215897,21,-127,79,106,107,57.94392523364487,-13.255198990360212
1572534442.8215897,25,-240,81,106,106,58.49056603773586,-23.996777288565738
1572534442.8215897,19,94,77,115,110,56.363636363636374,9.890374977497379
1572534443.111803,25,-219,81,105,107,57.94392523364487,-22.10746528048097
1572534443.111803,21,-107,80,106,109,56.88073394495414,-11.225492345678969
1572534443.111803,20,4,78,109,110,56.363636363636374,0.425089919132221
1572534443.111803,19,119,78,121,114,54.38596491228071,12.447078301350341
1572534443.3565035,25,-209,82,106,108,57.40740740740742,-21.189383845645846
1572534443.3565035,21,-96,81,106,110,56.363636363636374,-10.096522770898641
1572534443.3565035,20,17,79,111,112,55.35714285714287,1.806066883527694
1572534443.3565035,19,136,78,126,117,52.991452991453,14.157945744790373
1572534443.5726042,25,-214,82,109,111,55.855855855855864,-21.649884338417362
1572534443.5726042,21,-99,80,109,113,54.86725663716815,-10.40524832365576
1572534443.5726042,20,17,79,115,116,53.448275862068975,1.806066883527694
1572534443.5726042,19,140,79,128,120,51.66666666666667,14.556902633910628
1572534443.7867546,25,-220,83,111,114,54.38596491228071,-22.198628437866404
1572534443.7867546,21,-102,81,112,116,53.448275862068975,-10.713364155480653
1572534443.7867546,20,17,79,117,119,52.10084033613446,1.806066883527694
1572534443.7867546,19,142,78,133,123,50.40650406504066,14.755843914731853
1572534443.9732466,25,-226,83,113,117,52.991452991453,-22.743116735138678
1572534443.9732466,21,-105,81,114,119,52.10084033613446,-11.02085430376855
1572534443.9732466,20,17,79,120,121,51.23966942148761,1.806066883527694
1572534443.9732466,19,145,79,136,127,48.81889763779528,15.053573641452305
1572534444.1679442,25,-232,84,116,119,52.10084033613446,-23.283301354636382
1572534444.1679442,21,-109,82,117,121,51.23966942148761,-11.429840684630294
1572534444.1679442,20,16,80,123,124,50.00000000000001,1.6998919335324794
1572534444.1679442,19,147,79,139,129,48.062015503875976,15.251599858657364
1572534444.351719,25,-236,84,117,122,50.81967213114755,-23.641011588162154
1572534444.351719,21,-110,82,119,124,50.00000000000001,-11.53190478481219
1572534444.351719,20,19,80,126,128,48.43750000000001,2.018378836856321
1572534444.351719,19,152,79,143,132,46.969696969696976,15.745027649154892
1572534444.598412,25,-222,83,117,123,50.40650406504066,-22.380599847244042
1572534444.598412,21,-95,81,121,127,48.81889763779528,-9.993481548325647
1572534444.598412,20,36,80,131,132,46.969696969696976,3.8202083666617566
1572534444.598412,19,175,79,151,138,44.92753623188406,17.983263132572862
1572534444.805064,25,-207,84,116,124,50.00000000000001,-21.00437328468872
1572534444.805064,21,-80,81,122,127,48.81889763779528,-8.440365275506633
1572534444.805064,20,52,80,135,135,45.92592592592593,5.509228563623229
1572534444.805064,19,196,79,157,142,43.66197183098592,19.978654404768985
1572534444.9927304,25,-210,84,119,127,48.81889763779528,-21.281715998314297
1572534444.9927304,21,-80,82,124,130,47.6923076923077,-8.440365275506633
1572534444.9927304,20,56,81,138,138,44.92753623188406,5.93010210572097
1572534444.9927304,19,204,79,162,147,42.17687074829933,20.725995830978334
1572534445.1930873,25,-216,86,122,130,47.6923076923077,-21.833268791071543
1572534445.1930873,21,-83,83,128,134,46.268656716417915,-8.752064820144541
1572534445.1930873,20,57,82,142,143,43.35664335664336,6.03522200610085
1572534445.1930873,19,209,80,167,151,41.05960264900663,21.189383845645846
1572534445.4329257,25,-223,86,126,135,45.92592592592593,-22.47140764411092
1572534445.4329257,21,-87,84,133,139,44.6043165467626,-9.16685046013392
1572534445.4329257,20,58,84,147,148,41.891891891891895,6.140301141305523
1572534445.4329257,19,216,82,173,157,39.490445859872615,21.833268791071543
1572534445.6263866,25,-230,87,128,138,44.92753623188406,-23.103720798874804
1572534445.6263866,21,-90,84,136,143,43.35664335664336,-9.477307372980938
1572534445.6263866,20,59,84,152,152,40.789473684210535,6.245338828597758
1572534445.6263866,19,221,82,179,161,38.50931677018634,22.28967336980535
1572534445.8170261,25,-237,88,132,143,43.35664335664336,-23.73013577082146
1572534445.8170261,21,-92,86,140,148,41.891891891891895,-9.683968218485054
1572534445.8170261,20,61,85,157,158,39.24050632911393,6.455287136785497
1572534445.8170261,19,230,83,186,167,37.125748502994014,23.103720798874804
1572534446.0129037,25,-229,88,132,145,42.75862068965518,-23.013749847125784
1572534446.0129037,21,-83,86,142,152,40.789473684210535,-8.752064820144541
1572534446.0129037,20,74,85,163,163,38.036809815950924,7.815471397254411
1572534446.2513208,25,-204,88,130,146,42.46575342465754,-20.725995830978334
1572534446.2513208,21,-57,86,144,155,40.00000000000001,-6.03522200610085
1572534446.2513208,20,103,86,171,169,36.68639053254439,10.815931174266511
1572534446.4946215,25,-199,89,132,150,41.33333333333334,-20.25975423688004
1572534446.4946215,21,-50,87,147,159,38.99371069182391,-5.298565069899935
1572534446.4946215,20,117,87,180,175,35.42857142857143,12.244246202334178
1572534446.7124987,25,-208,90,138,155,40.00000000000001,-21.096936185976894
1572534446.7124987,21,-54,89,153,166,37.34939759036145,-5.719742748496919
1572534446.7124987,20,119,89,187,182,34.06593406593407,12.447078301350341
1572534446.9476788,25,-215,91,141,161,38.50931677018634,-21.741635082339087
1572534446.9476788,21,-54,90,159,172,36.04651162790698,-5.719742748496919
1572534446.9476788,20,127,89,196,191,32.4607329842932,13.255198990360212
1572534447.16,25,-200,91,141,163,38.036809815950924,-20.35322914806883
1572534447.16,21,-37,90,163,178,34.831460674157306,-3.9259978795075465
1572534447.16,20,150,90,208,200,31.000000000000004,15.547939558288776
1572534447.3497949,25,-193,92,143,166,37.34939759036145,-19.69654824538426
1572534447.3497949,21,-27,90,167,183,33.879781420765035,-2.8670143121816682
1572534447.3497949,20,167,90,216,207,29.951690821256044,17.210788777144447
1572534447.536863,25,-198,94,146,172,36.04651162790698,-20.16616661121554
1572534447.536863,21,-27,92,173,189,32.80423280423281,-2.8670143121816682
1572534447.536863,20,173,92,225,215,28.837209302325586,17.790765425423544
1572534447.724183,25,-205,94,151,177,35.02824858757063,-20.818902834126483
1572534447.724183,21,-28,93,180,196,31.632653061224495,-2.9730129222649775
1572534447.724183,20,180,93,235,224,27.678571428571434,18.462668114186137
1572534447.9114375,25,-207,94,154,183,33.879781420765035,-21.00437328468872
1572534447.9114375,21,-25,93,185,204,30.392156862745104,-2.6549588769771035
1572534447.9114375,20,192,92,248,233,26.60944206008584,19.602290664374493
1572534448.0994544,25,-190,94,153,186,33.333333333333336,-19.413444096195985
1572534448.0994544,21,-4,94,190,210,29.52380952380953,-0.425089919132221
1572534448.313121,25,-168,94,150,188,32.97872340425533,-17.307708014004547
1572534448.313121,21,20,94,198,217,28.571428571428577,2.124514387441452
1572534448.5146642,25,-144,95,150,192,32.29166666666667,-14.95442198679177
1572534448.5146642,21,49,96,206,227,27.31277533039648,5.1931790634241475
1572534448.7337632,26,-252,92,116,169,36.68639053254439,-25.052296829400955
1572534448.7337632,25,-117,95,150,195,31.7948717948718,-12.244246202334178
1572534448.7337632,21,80,98,219,238,26.05042016806723,8.440365275506633
1572534448.9450386,26,-247,94,119,174,35.63218390804598,-24.614654361779593
1572534448.9450386,25,-110,97,154,201,30.84577114427861,-11.53190478481219
1572534448.9450386,21,97,101,230,248,25.000000000000004,10.199498041433117
1572534449.1619372,26,-257,94,123,181,34.25414364640884,-25.486836491547166
1572534449.1619372,25,-116,99,160,212,29.24528301886793,-12.142712829376121
1572534449.1619372,21,101,103,243,264,23.484848484848488,10.610727614582158
1572534449.3517885,25,-121,101,166,220,28.181818181818187,-12.649593914834636
1572534449.3517885,21,107,106,256,278,22.3021582733813,11.225492345678969
1572534449.5517771,25,-127,103,173,230,26.956521739130437,-13.255198990360212
1572534449.7952907,25,-136,105,183,245,25.306122448979597,-14.157945744790373
1572534450.043975,25,-128,107,187,257,24.124513618677046,-13.355844454032088
1572534450.4949439,26,-245,100,130,217,28.571428571428577,-24.438732622188876
1572534450.7414274,26,-210,101,127,221,28.05429864253394,-21.281715998314297
1572534454.423681,13,-249,82,108,97,63.917525773195884,-24.790082554948466
1572534454.619134,13,-216,82,105,95,65.26315789473685,-21.833268791071543
1572534454.8774667,13,-168,81,98,93,66.66666666666667,-17.307708014004547
1572534455.1240435,13,-144,81,97,93,66.66666666666667,-14.95442198679177
1572534455.1240435,14,-247,83,110,98,63.26530612244899,-24.614654361779593
1572534455.3235254,13,-122,80,95,92,67.3913043478261,-12.75073169147278
1572534455.3235254,14,-223,82,107,98,63.26530612244899,-22.47140764411092
1572534455.6777742,13,-123,81,98,95,65.26315789473685,-12.851788734777642
1572534455.6777742,14,-228,83,112,100,62.00000000000001,-22.923658715156016
1572534455.9610882,13,-123,81,101,98,63.26530612244899,-12.851788734777642
1572534455.9610882,14,-230,83,114,102,60.78431372549021,-23.103720798874804
1572534456.2307131,13,-99,81,99,98,63.26530612244899,-10.40524832365576
1572534456.2307131,14,-205,83,111,102,60.78431372549021,-20.818902834126483
1572534456.5110605,14,-174,83,109,102,60.78431372549021,-17.887066461315495
1572534456.5110605,13,-69,81,98,98,63.26530612244899,-7.293287078020637
1572534456.7748065,13,-41,82,98,98,63.26530612244899,-4.348880799665057
1572534456.7748065,14,-145,83,106,101,61.3861386138614,-15.053573641452305
1572534456.7748065,15,-254,84,112,103,60.194174757281566,-25.226485996516757
1572534457.0108829,13,-33,82,99,100,62.00000000000001,-3.502686126728226
1572534457.0108829,15,-248,84,114,105,59.04761904761906,-24.70243022777131
1572534457.0108829,14,-139,83,107,103,60.194174757281566,-14.457296979738553
1572534457.3471584,13,-36,81,103,103,60.194174757281566,-3.8202083666617566
1572534457.3471584,14,-145,83,112,107,57.94392523364487,-15.053573641452305
1572534457.3471584,15,-260,84,119,108,57.40740740740742,-25.746063977885555
1572534457.669108,13,-40,81,107,107,57.94392523364487,-4.243202757619135
1572534457.669108,14,-153,83,116,111,55.855855855855864,-15.843428839849183
1572534458.0074759,13,-44,81,111,111,55.855855855855864,-4.665734278244758
1572534458.0074759,14,-162,83,121,117,52.991452991453,-16.7246754916319
1572534458.3290188,13,-47,81,115,116,53.448275862068975,-4.982302006398639
1572534458.3290188,14,-170,83,127,120,51.66666666666667,-17.501239896274914
1572534458.6594903,13,-25,80,119,119,52.10084033613446,-2.6549588769771035
1572534458.6594903,14,-150,83,126,122,50.81967213114755,-15.547939558288776
1572534458.9722593,13,-4,80,122,121,51.23966942148761,-0.425089919132221
1572534458.9722593,14,-132,82,127,124,50.00000000000001,-13.757582401273247
1572534459.258102,14,-137,83,132,128,48.43750000000001,-14.257818049510549
1572534459.258102,13,-5,81,125,125,49.60000000000001,-0.5313569149387267
1572534459.5208023,13,-5,82,130,130,47.6923076923077,-0.5313569149387267
1572534459.5208023,14,-143,84,137,133,46.61654135338347,-14.855178588237854
1572534459.7639158,13,-6,82,134,135,45.92592592592593,-0.6376202550928943
1572534459.7639158,14,-147,85,142,138,44.92753623188406,-15.251599858657364
1572534460.011047,13,-7,84,139,140,44.28571428571429,-0.74387920879624
1572534460.011047,14,-154,86,147,142,43.66197183098592,-15.9417342048233
1572534460.3140461,14,-161,88,155,150,41.33333333333334,-16.6271522388117
1572534460.3140461,13,-7,86,146,146,42.46575342465754,-0.74387920879624
1572534460.5809307,14,-154,88,157,154,40.25974025974027,-15.9417342048233
1572534460.5809307,13,5,85,152,151,41.05960264900663,0.5313569149387267
1572534460.8541465,14,-123,87,154,155,40.00000000000001,-12.851788734777642
1572534460.8541465,13,39,86,156,155,40.00000000000001,4.13749578470897
1572534461.0532386,14,-103,88,154,156,39.74358974358975,-10.815931174266511
1572534461.0532386,13,60,87,163,160,38.75000000000001,6.350334386893197
1572534461.2497792,15,-236,88,152,155,40.00000000000001,-23.641011588162154
1572534461.2497792,14,-82,88,155,158,39.24050632911393,-8.648222041878432
1572534461.2497792,13,85,88,168,165,37.57575757575758,8.959575995474442
1572534461.44315,15,-214,89,150,156,39.74358974358975,-21.649884338417362
1572534461.44315,13,110,89,176,170,36.47058823529412,11.53190478481219
1572534461.44315,14,-59,87,156,161,38.50931677018634,-6.245338828597758
1572534461.6601896,15,-184,88,146,157,39.490445859872615,-18.84427644904627
1572534461.6601896,14,-29,88,158,165,37.57575757575758,-3.078991167182793
1572534461.6601896,13,146,89,187,178,34.831460674157306,15.152633086342712
1572534461.8969166,15,-165,88,147,160,38.75000000000001,-17.016645682135483
1572534461.8969166,14,-8,88,162,170,36.47058823529412,-0.8501330454313055
1572534461.8969166,13,173,89,197,185,33.513513513513516,17.790765425423544
1572534462.100977,15,-171,88,151,165,37.57575757575758,-17.597851763104355
1572534462.100977,14,-8,89,168,176,35.227272727272734,-0.8501330454313055
1572534462.100977,13,180,90,204,193,32.124352331606225,18.462668114186137
1572534462.3154745,15,-178,89,158,171,36.257309941520475,-18.27122325552057
1572534462.3154745,14,-10,90,175,184,33.69565217391305,-1.0626224461126088
1572534462.3154745,13,186,91,215,201,30.84577114427861,19.034434354835188
1572534462.5049505,15,-177,90,160,176,35.227272727272734,-18.175341896811013
1572534462.5049505,14,-3,91,180,190,32.631578947368425,-0.3188199986227441
1572534462.5049505,13,199,92,225,208,29.807692307692314,20.25975423688004
1572534462.6909375,15,-156,91,158,178,34.831460674157306,-16.138055708620733
1572534462.6909375,14,18,92,189,196,31.632653061224495,1.9122294268504203
1572534462.915789,15,-128,91,156,181,34.25414364640884,-13.355844454032088
1572534462.915789,14,53,94,194,204,30.392156862745104,5.614504665163061
1572534463.1312761,1,-250,90,131,165,37.57575757575758,-24.877611194528516
1572534463.1312761,15,-101,92,156,185,33.513513513513516,-10.610727614582158
1572534463.1312761,14,85,96,203,214,28.971962616822434,8.959575995474442
1572534463.379863,1,-219,90,128,167,37.125748502994014,-22.10746528048097
1572534463.379863,15,-71,92,159,189,32.80423280423281,-7.502311953416964
1572534463.379863,14,120,96,224,225,27.55555555555556,12.5483759390987
1572534463.5978088,1,-227,92,134,173,35.83815028901735,-22.833447608379913
1572534463.5978088,15,-75,95,165,199,31.155778894472366,-7.9197544899131636
1572534463.5978088,14,128,100,229,236,26.27118644067797,13.355844454032088
1572534463.786154,1,-237,94,138,180,34.44444444444445,-23.73013577082146
1572534463.786154,15,-79,97,172,207,29.951690821256044,-8.336352562554062
1572534463.786154,14,132,102,239,247,25.10121457489879,13.757582401273247
1572534463.974945,1,-229,94,136,183,33.879781420765035,-23.013749847125784
1572534463.974945,15,-67,98,176,213,29.10798122065728,-7.084066830606971
1572534463.974945,14,151,103,257,258,24.031007751937988,15.64653107388349
1572534464.1799233,1,-191,95,133,184,33.69565217391305,-19.507922508578496
1572534464.1799233,15,-28,100,179,218,28.44036697247707,-2.9730129222649775
1572534464.4165058,1,-147,96,129,184,33.69565217391305,-15.251599858657364
1572534464.6956625,1,-113,97,127,189,32.80423280423281,-11.837650005357451
1572534465.0674574,2,-205,94,97,163,38.036809815950924,-20.818902834126483
1572534467.3669546,24,-266,83,89,80,77.50000000000001,-26.26113696159187
1572534467.6860852,24,-230,82,86,79,78.48101265822785,-23.103720798874804
1572534467.972838,24,-197,83,84,78,79.4871794871795,-20.07246656737335
1572534468.2279909,24,-173,82,81,77,80.51948051948054,-17.790765425423544
1572534468.2279909,23,-260,83,94,83,74.6987951807229,-25.746063977885555
1572534468.483786,24,-159,81,81,77,80.51948051948054,-16.431808422216594
1572534468.483786,23,-246,82,94,83,74.6987951807229,-24.526755108495042
1572534468.7882073,24,-163,80,83,80,77.50000000000001,-16.822099089140682
1572534468.7882073,23,-252,81,97,85,72.94117647058825,-25.052296829400955
1572534469.0665154,24,-157,79,84,81,76.54320987654322,-16.236070980753333
1572534469.0665154,23,-248,81,97,86,72.09302325581396,-24.70243022777131
1572534469.2976906,24,-138,79,83,81,76.54320987654322,-14.357601956885965
1572534469.2976906,23,-227,81,95,86,72.09302325581396,-22.833447608379913
1572534469.857786,22,-230,81,96,86,72.09302325581396,-23.103720798874804
1572534469.857786,23,-139,80,86,82,75.60975609756099,-14.457296979738553
1572534470.105581,24,-52,79,78,79,78.48101265822785,-5.509228563623229
1572534470.105581,23,-136,80,88,83,74.6987951807229,-14.157945744790373
1572534470.105581,22,-228,82,98,87,71.26436781609196,-22.923658715156016
1572534470.5065289,24,-50,79,79,81,76.54320987654322,-5.298565069899935
1572534470.5065289,23,-136,81,90,87,71.26436781609196,-14.157945744790373
1572534470.5065289,22,-231,83,101,90,68.8888888888889,-23.19357136790705
1572534470.898003,24,-13,79,81,83,74.6987951807229,-1.3812999174368017
1572534470.898003,23,-99,81,88,86,72.09302325581396,-10.40524832365576
1572534470.898003,22,-192,82,97,89,69.66292134831461,-19.602290664374493
1572534471.2047834,24,14,81,82,84,73.80952380952382,1.4875077226255586
1572534471.2047834,22,-165,83,94,89,69.66292134831461,-17.016645682135483
1572534471.2047834,23,-74,82,87,87,71.26436781609196,-7.815471397254411
1572534471.2047834,18,-262,83,101,91,68.13186813186815,-25.91825677320866
1572534471.537453,24,30,82,84,87,71.26436781609196,3.1849483278557194
1572534471.537453,23,-60,83,88,89,69.66292134831461,-6.350334386893197
1572534471.537453,22,-152,85,96,90,68.8888888888889,-15.745027649154892
1572534471.537453,18,-249,85,102,92,67.3913043478261,-24.790082554948466
1572534471.946543,23,-64,83,92,91,68.13186813186815,-6.769881767673709
1572534471.946543,24,28,82,87,88,70.45454545454547,2.9730129222649775
1572534471.946543,18,-261,84,107,95,65.26315789473685,-25.832223007136133
1572534471.946543,22,-161,84,100,95,65.26315789473685,-16.6271522388117
1572534472.2908041,23,-68,82,95,95,65.26315789473685,-7.188701044455634
1572534472.2908041,24,28,81,90,93,66.66666666666667,2.9730129222649775
1572534472.2908041,22,-168,84,103,97,63.917525773195884,-17.307708014004547
1572534472.6738336,23,-71,83,98,99,62.62626262626264,-7.502311953416964
1572534472.6738336,24,28,82,93,96,64.58333333333334,2.9730129222649775
1572534472.6738336,22,-174,84,108,101,61.3861386138614,-17.887066461315495
1572534473.076542,23,-68,85,101,102,60.78431372549021,-7.188701044455634
1572534473.076542,24,36,83,98,99,62.62626262626264,3.8202083666617566
1572534473.076542,22,-175,86,112,105,59.04761904761906,-17.983263132572862
1572534473.3809154,23,-36,84,101,103,60.194174757281566,-3.8202083666617566
1572534473.3809154,22,-144,86,109,106,58.49056603773586,-14.95442198679177
1572534473.3809154,18,-252,86,114,105,59.04761904761906,-25.052296829400955
1572534473.7298872,23,-36,85,105,107,57.94392523364487,-3.8202083666617566
1572534473.7298872,24,73,84,105,105,59.04761904761906,7.711136174370049
1572534473.7298872,22,-147,87,113,109,56.88073394495414,-15.251599858657364
1572534473.7298872,18,-260,87,119,109,56.88073394495414,-25.746063977885555
1572534474.1356685,22,-156,88,119,113,54.86725663716815,-16.138055708620733
1572534474.533604,23,-44,89,117,118,52.54237288135594,-4.665734278244758
1572534474.533604,24,76,88,115,116,53.448275862068975,8.023984801010398
1572534474.533604,22,-166,91,125,120,51.66666666666667,-17.11376786745745
1572534474.815065,24,76,89,119,120,51.66666666666667,8.023984801010398
1572534474.815065,23,-47,90,120,122,50.81967213114755,-4.982302006398639
1572534474.815065,22,-175,92,131,124,50.00000000000001,-17.983263132572862
1572534475.128169,24,77,89,123,124,50.00000000000001,8.12816168126673
1572534475.128169,23,-52,90,125,127,48.81889763779528,-5.509228563623229
1572534475.128169,22,-184,92,137,129,48.062015503875976,-18.84427644904627
1572534475.410188,24,79,88,128,129,48.062015503875976,8.336352562554062
1572534475.410188,22,-192,92,142,134,46.268656716417915,-19.602290664374493
1572534475.410188,23,-55,89,130,131,47.328244274809165,-5.824942124530689
1572534475.7903962,24,82,88,135,135,45.92592592592593,8.648222041878432
1572534475.7903962,23,-59,90,137,138,44.92753623188406,-6.245338828597758
1572534475.7903962,22,-203,92,150,141,43.971631205673766,-20.632974678473587
1572534476.084574,23,-62,90,142,144,43.055555555555564,-6.560196400571308
1572534476.084574,24,85,88,140,140,44.28571428571429,8.959575995474442
1572534476.084574,22,-213,92,157,147,42.17687074829933,-21.558016806404698
1572534476.3918571,24,88,89,147,147,42.17687074829933,9.27039735856775
1572534476.7717354,22,-176,93,158,154,40.25974025974027,-18.079355067310914
1572534476.7717354,23,-17,91,153,154,40.25974025974027,-1.806066883527694
1572534476.7717354,24,142,91,161,155,40.00000000000001,14.755843914731853
1572534477.0997581,22,-129,93,154,155,40.00000000000001,-13.456406039455286
1572534477.0997581,23,32,92,158,159,38.99371069182391,3.3967965244928373
1572534477.0997581,24,200,93,176,165,37.57575757575758,20.35322914806883
1572534477.2976067,22,-108,94,153,156,39.74358974358975,-11.327703014829057
1572534477.2976067,23,56,94,162,164,37.804878048780495,5.93010210572097
1572534477.2976067,24,230,95,186,172,36.04651162790698,23.103720798874804
1572534477.5061207,18,-246,96,152,156,39.74358974358975,-24.526755108495042
1572534477.5061207,22,-97,95,155,161,38.50931677018634,-10.199498041433117
1572534477.5061207,23,72,96,168,170,36.47058823529412,7.606749474630248
1572534477.7898912,22,-101,96,162,168,36.90476190476191,-10.610727614582158
1572534477.7898912,23,75,96,177,179,34.63687150837989,7.9197544899131636
1572534478.0809283,22,-101,97,170,177,35.02824858757063,-10.610727614582158
1572534478.0809283,23,84,98,188,188,32.97872340425533,8.855849682026259
1572534478.3891025,18,-230,99,159,172,36.04651162790698,-23.103720798874804
1572534478.3891025,22,-66,98,173,183,33.879781420765035,-6.979385101571969
1572534478.7838628,18,-180,98,155,175,35.42857142857143,-18.462668114186137
1572534478.7838628,22,-14,99,179,193,32.124352331606225,-1.4875077226255586
1572534478.7838628,23,190,102,228,217,28.571428571428577,19.413444096195985
1572534478.9910595,18,-169,99,157,178,34.831460674157306,-17.404525184005227
1572534478.9910595,22,0,101,183,199,31.155778894472366,0.0
1572534478.9910595,23,210,104,233,227,27.31277533039648,21.281715998314297
1572534479.2078912,18,-175,99,162,185,33.513513513513516,-17.983263132572862
1572534479.2078912,22,0,102,191,207,29.951690821256044,0.0
1572534479.4564793,18,-184,101,169,195,31.7948717948718,-18.84427644904627
1572534479.813133,18,-155,104,169,204,30.392156862745104,-16.039943306049665
1572534479.813133,22,40,109,216,238,26.05042016806723,4.243202757619135
1572534480.0681646,17,-258,99,130,180,34.44444444444445,-25.573370599428543
1572534480.0681646,18,-115,104,166,207,29.951690821256044,-12.041101970999687
1572534480.0681646,22,87,112,229,251,24.70119521912351,9.16685046013392
1572534480.3292172,17,-209,98,127,177,35.02824858757063,-21.189383845645846
1572534480.3292172,18,-68,106,163,212,29.24528301886793,-7.188701044455634
1572534480.6232188,16,-276,94,94,152,40.789473684210535,-27.109517603157183
1572534480.6232188,18,-30,108,168,221,28.05429864253394,-3.1849483278557194
1572534480.9719498,16,-245,95,92,155,40.00000000000001,-24.438732622188876
1572534480.9719498,17,-142,101,124,187,33.15508021390375,-14.755843914731853
1572534481.705366,17,-38,105,122,199,31.155778894472366,-4.031760588950713
1572534482.1994693,16,-65,97,83,160,38.75000000000001,-6.874656524321
1572534482.4554954,16,-35,97,84,164,37.804878048780495,-3.714392761786679
1572534482.757019,6,-272,81,96,85,72.94117647058825,-26.771681119286118
1572534482.757019,12,-81,92,57,132,46.969696969696976,-8.54432198150461
1572534483.1462715,6,-242,81,95,84,73.80952380952382,-24.17392734930822
1572534483.1462715,12,-52,92,59,136,45.58823529411765,-5.509228563623229
1572534483.490669,6,-215,81,92,84,73.80952380952382,-21.741635082339087
1572534483.8432086,6,-191,81,91,85,72.94117647058825,-19.507922508578496
1572534483.8432086,12,1,94,61,147,42.17687074829933,0.1062743078657994
1572534484.1466622,6,-163,82,89,84,73.80952380952382,-16.822099089140682
1572534484.1466622,5,-259,83,103,90,68.8888888888889,-25.659779802199026
1572534484.1466622,12,31,97,65,153,40.52287581699347,3.2908836860672923
1572534484.4772289,6,-129,82,86,83,74.6987951807229,-13.456406039455286
1572534484.4772289,5,-221,83,99,89,69.66292134831461,-22.28967336980535
1572534484.799976,6,-98,82,84,84,73.80952380952382,-10.302406758622741
1572534484.799976,5,-188,83,96,88,70.45454545454547,-19.224157790184744
1572534485.0811236,6,-83,81,84,83,74.6987951807229,-8.752064820144541
1572534485.0811236,11,63,92,50,129,48.062015503875976,6.665061502275082
1572534485.0811236,5,-173,83,96,89,69.66292134831461,-17.790765425423544
1572534485.537208,6,-85,82,88,88,70.45454545454547,-8.959575995474442
1572534485.537208,5,-179,83,101,93,66.66666666666667,-18.36699878105277
1572534485.537208,11,68,94,52,138,44.92753623188406,7.188701044455634
1572534485.882101,6,-52,81,86,88,70.45454545454547,-5.509228563623229
1572534485.882101,5,-145,82,97,92,67.3913043478261,-15.053573641452305
1572534485.882101,4,-247,83,109,96,64.58333333333334,-24.614654361779593
1572534486.2215226,5,-106,81,94,91,68.13186813186815,-11.12320925012442
1572534486.2215226,4,-205,82,104,95,65.26315789473685,-20.818902834126483
1572534486.5154169,6,9,80,87,88,70.45454545454547,0.9563810345917811
1572534486.5154169,5,-83,81,94,92,67.3913043478261,-8.752064820144541
1572534486.5154169,4,-181,81,104,95,65.26315789473685,-18.558230898863858
1572534486.8555748,6,9,80,91,92,67.3913043478261,0.9563810345917811
1572534486.8555748,4,-188,81,108,98,63.26530612244899,-19.224157790184744
1572534486.8555748,5,-87,80,97,95,65.26315789473685,-9.16685046013392
1572534487.3552687,6,7,80,96,97,63.917525773195884,0.74387920879624
1572534487.3552687,5,-94,81,103,100,62.00000000000001,-9.890374977497379
1572534487.3552687,4,-201,82,114,104,59.61538461538463,-20.44659105159719
1572534487.736986,6,22,82,98,100,62.00000000000001,2.3367410088134952
1572534487.736986,5,-82,82,103,103,60.194174757281566,-8.648222041878432
1572534487.736986,4,-191,83,115,106,58.49056603773586,-19.507922508578496
1572534488.0276933,6,48,82,101,102,60.78431372549021,5.0877578101051295
1572534488.0276933,5,-58,82,104,103,60.194174757281566,-6.140301141305523
1572534488.0276933,4,-167,83,113,106,58.49056603773586,-17.210788777144447
1572534488.375242,6,48,81,104,105,59.04761904761906,5.0877578101051295
1572534488.375242,5,-62,82,107,107,57.94392523364487,-6.560196400571308
1572534488.375242,4,-175,83,119,109,56.88073394495414,-17.983263132572862
1572534488.6928875,6,48,82,108,109,56.88073394495414,5.0877578101051295
1572534488.6928875,5,-66,83,112,111,55.855855855855864,-6.979385101571969
1572534489.0960815,5,-70,82,118,117,52.991452991453,-7.397824268101297
1572534489.0960815,4,-193,83,130,119,52.10084033613446,-19.69654824538426
1572534489.4426117,5,-73,82,122,122,50.81967213114755,-7.711136174370049
1572534489.4426117,6,52,81,118,119,52.10084033613446,5.509228563623229
1572534489.4426117,4,-202,82,135,125,49.60000000000001,-20.53983965738927
1572534489.7521608,6,52,82,123,124,50.00000000000001,5.509228563623229
1572534489.7521608,5,-77,83,128,127,48.81889763779528,-8.12816168126673
1572534489.7521608,4,-211,84,142,130,47.6923076923077,-21.373932381663405
1572534490.040969,6,57,84,127,128,48.43750000000001,6.03522200610085
1572534490.040969,4,-216,85,147,135,45.92592592592593,-21.833268791071543
1572534490.3525894,6,93,86,136,135,45.92592592592593,9.787203664656111
1572534490.3525894,5,-47,85,133,134,46.268656716417915,-4.982302006398639
1572534490.3525894,4,-186,85,143,135,45.92592592592593,-19.034434354835188
1572534490.6362314,5,-34,87,137,137,45.25547445255475,-3.6085517773185476
1572534490.6362314,6,110,89,141,140,44.28571428571429,11.53190478481219
1572534490.6362314,4,-176,88,147,138,44.92753623188406,-18.079355067310914
1572534490.9027817,5,-37,91,142,143,43.35664335664336,-3.9259978795075465
1572534490.9027817,6,113,92,146,145,42.75862068965518,11.837650005357451
1572534490.9027817,4,-185,91,153,143,43.35664335664336,-18.939409542593506
1572534491.2118561,4,-198,95,163,151,41.05960264900663,-20.16616661121554
1572534491.2118561,6,115,97,153,152,40.789473684210535,12.041101970999687
1572534491.2118561,5,-43,95,151,151,41.05960264900663,-4.560147265001545
1572534491.5515947,6,120,100,163,162,38.27160493827161,12.5483759390987
1572534491.5515947,4,-210,98,171,160,38.75000000000001,-21.281715998314297
1572534491.5515947,5,-47,98,159,158,39.24050632911393,-4.982302006398639
1572534491.847511,5,-15,99,163,165,37.57575757575758,-1.593705304019792
1572534491.847511,4,-183,99,169,163,38.036809815950924,-18.74903541444329
1572534491.847511,6,159,102,178,170,36.47058823529412,16.431808422216594
1572534492.0856354,4,-149,100,165,165,37.57575757575758,-15.449253549730287
1572534492.5145876,30,-219,98,149,158,39.24050632911393,-22.10746528048097
1572534492.5145876,4,-71,100,158,168,36.90476190476191,-7.502311953416964
1572534492.9274201,30,-235,100,160,170,36.47058823529412,-23.551765868612073
1572534492.9274201,4,-78,102,171,181,34.25414364640884,-8.232284483481385
1572534492.9274201,5,112,107,195,198,31.31313131313132,11.735810008694882
1572534493.2557979,30,-222,100,160,176,35.227272727272734,-22.380599847244042
1572534493.2557979,4,-59,103,178,191,32.4607329842932,-6.245338828597758
1572534493.2557979,5,142,109,214,212,29.24528301886793,14.755843914731853
1572534493.4735749,30,-197,101,159,178,34.831460674157306,-20.07246656737335
1572534493.4735749,4,-32,105,181,196,31.632653061224495,-3.3967965244928373
1572534493.4735749,5,176,111,227,222,27.927927927927932,18.079355067310914
1572534493.6849744,30,-174,101,157,180,34.44444444444445,-17.887066461315495
1572534493.6849744,4,-7,106,183,202,30.6930693069307,-0.74387920879624
1572534493.6849744,5,208,112,240,233,26.60944206008584,21.096936185976894
1572534493.9063072,30,-144,102,156,184,33.69565217391305,-14.95442198679177
1572534493.9063072,4,27,109,191,212,29.24528301886793,2.8670143121816682
1572534494.1781585,30,-143,104,161,191,32.4607329842932,-14.855178588237854
1572534494.1781585,4,36,112,202,223,27.802690582959645,3.8202083666617566
1572534494.4481783,30,-151,108,170,202,30.6930693069307,-15.64653107388349
1572534494.4481783,4,38,117,216,240,25.833333333333336,4.031760588950713
1572534494.7355309,30,-141,110,173,211,29.383886255924175,-14.656418438272837
1572534494.7355309,4,60,124,231,260,23.84615384615385,6.350334386893197
1572534494.956476,30,-116,112,173,216,28.70370370370371,-12.142712829376121
1572534495.263928,29,-221,105,133,186,33.333333333333336,-22.28967336980535
1572534495.263928,30,-77,115,173,227,27.31277533039648,-8.12816168126673
1572534495.5584497,29,-190,106,131,189,32.80423280423281,-19.413444096195985
1572534495.5584497,30,-44,117,177,234,26.4957264957265,-4.665734278244758
1572534495.8634255,28,-253,98,94,159,38.99371069182391,-25.139453540730653
1572534495.8634255,29,-152,105,128,192,32.29166666666667,-15.745027649154892
1572534496.1880496,28,-211,97,91,160,38.75000000000001,-21.373932381663405
1572534496.541068,28,-169,96,89,161,38.50931677018634,-17.404525184005227
1572534497.1874194,36,-169,90,62,134,46.268656716417915,-17.404525184005227
1572534497.1874194,28,-102,96,87,169,36.68639053254439,-10.713364155480653
1572534497.4712532,36,-148,89,61,137,45.25547445255475,-15.350473498668093
1572534498.5365837,36,-111,100,63,154,40.25974025974027,-11.633894747793091
1572534499.1435995,19,-268,81,103,92,67.3913043478261,-26.43182263135065
1572534499.3856297,19,-234,80,101,91,68.13186813186815,-23.462398797339375
1572534499.6689572,19,-224,81,101,92,67.3913043478261,-22.562096537309067
1572534500.5309863,19,-184,80,100,95,65.26315789473685,-18.84427644904627
1572534500.7744162,20,-254,82,110,99,62.62626262626264,-25.226485996516757
1572534500.7744162,19,-149,79,96,93,66.66666666666667,-15.449253549730287
1572534501.0271473,19,-114,79,92,92,67.3913043478261,-11.939414178352928
1572534501.0271473,20,-215,81,106,98,63.26530612244899,-21.741635082339087
1572534501.3294287,19,-87,80,93,92,67.3913043478261,-9.16685046013392
1572534501.3294287,20,-187,82,104,98,63.26530612244899,-19.12935054867832
1572534501.7563622,19,-76,80,94,96,64.58333333333334,-8.023984801010398
1572534501.7563622,20,-179,82,107,101,61.3861386138614,-18.36699878105277
1572534502.1622355,19,-75,81,98,99,62.62626262626264,-7.9197544899131636
1572534502.1622355,20,-182,84,111,104,59.61538461538463,-18.653686782192963
1572534502.5500572,19,-38,80,98,100,62.00000000000001,-4.031760588950713
1572534502.5500572,20,-144,83,107,104,59.61538461538463,-14.95442198679177
1572534502.5500572,21,-256,84,116,107,57.94392523364487,-25.400177603160106
1572534502.8651156,19,-7,79,99,100,62.00000000000001,-0.74387920879624
1572534502.8651156,20,-113,81,105,104,59.61538461538463,-11.837650005357451
1572534502.8651156,21,-222,83,112,106,58.49056603773586,-22.380599847244042
1572534503.2800622,20,-66,79,104,106,58.49056603773586,-6.979385101571969
1572534503.2800622,19,41,77,104,103,60.194174757281566,4.348880799665057
1572534503.2800622,21,-174,81,108,105,59.04761904761906,-17.887066461315495
1572534503.5274565,25,-263,81,108,104,59.61538461538463,-26.004165161959694
1572534503.5274565,21,-150,80,106,106,58.49056603773586,-15.547939558288776
1572534503.5274565,20,-43,77,103,105,59.04761904761906,-4.560147265001545
1572534503.905143,21,-157,79,111,110,56.363636363636374,-16.236070980753333
1572534503.905143,20,-45,77,108,110,56.363636363636374,-4.771289540584061
1572534503.905143,19,68,75,112,110,56.363636363636374,7.188701044455634
1572534504.1476705,20,-43,76,111,112,55.35714285714287,-4.560147265001545
1572534504.1476705,21,-157,79,113,112,55.35714285714287,-16.236070980753333
1572534504.1476705,19,73,75,116,112,55.35714285714287,7.711136174370049
1572534504.3840623,25,-249,80,110,110,56.363636363636374,-24.790082554948466
1572534504.3840623,21,-132,78,111,113,54.86725663716815,-13.757582401273247
1572534504.3840623,20,-17,76,111,114,54.38596491228071,-1.806066883527694
1572534504.3840623,19,101,75,121,115,53.913043478260875,10.610727614582158
1572534504.6644125,25,-213,80,107,111,55.855855855855864,-21.558016806404698
1572534504.6644125,21,-98,78,109,113,54.86725663716815,-10.302406758622741
1572534504.6644125,20,18,76,115,117,52.991452991453,1.9122294268504203
1572534504.6644125,19,140,76,129,120,51.66666666666667,14.556902633910628
1572534504.9130561,25,-183,81,104,111,55.855855855855864,-18.74903541444329
1572534504.9130561,21,-68,79,108,114,54.38596491228071,-7.188701044455634
1572534504.9130561,20,49,78,120,119,52.10084033613446,5.1931790634241475
1572534504.9130561,19,176,78,139,126,49.206349206349216,18.079355067310914
1572534505.1061265,26,-274,82,96,108,57.40740740740742,-26.94085245703049
1572534505.1061265,25,-174,82,105,112,55.35714285714287,-17.887066461315495
1572534505.1061265,21,-58,80,110,115,53.913043478260875,-6.140301141305523
1572534505.1061265,20,61,79,122,122,50.81967213114755,6.455287136785497
1572534505.1061265,19,193,78,142,129,48.062015503875976,19.69654824538426
1572534505.332546,25,-177,83,108,114,54.38596491228071,-18.175341896811013
1572534505.332546,21,-60,81,113,119,52.10084033613446,-6.350334386893197
1572534505.332546,19,198,80,147,133,46.61654135338347,20.16616661121554
1572534505.332546,20,63,81,127,126,49.206349206349216,6.665061502275082
1572534505.5895767,25,-185,85,112,119,52.10084033613446,-18.939409542593506
1572534505.5895767,21,-64,83,117,123,50.40650406504066,-6.769881767673709
1572534505.5895767,20,63,83,131,130,47.6923076923077,6.665061502275082
1572534505.5895767,19,203,82,153,138,44.92753623188406,20.632974678473587
1572534505.7886808,25,-193,87,115,122,50.81967213114755,-19.69654824538426
1572534505.7886808,21,-68,85,120,126,49.206349206349216,-7.188701044455634
1572534505.7886808,20,63,84,133,134,46.268656716417915,6.665061502275082
1572534505.7886808,19,206,83,157,142,43.66197183098592,20.91169541023082
1572534505.98309,25,-199,86,117,125,49.60000000000001,-20.25975423688004
1572534505.98309,21,-71,85,124,130,47.6923076923077,-7.502311953416964
1572534505.98309,20,63,84,137,137,45.25547445255475,6.665061502275082
1572534505.98309,19,211,83,162,146,42.46575342465754,21.373932381663405
1572534506.1885061,25,-206,86,121,129,48.062015503875976,-20.91169541023082
1572534506.1885061,21,-74,84,126,133,46.61654135338347,-7.815471397254411
1572534506.1885061,20,64,84,142,142,43.66197183098592,6.769881767673709
1572534506.1885061,19,216,83,167,150,41.33333333333334,21.833268791071543
1572534506.4154022,25,-213,87,123,132,46.969696969696976,-21.558016806404698
1572534506.4154022,21,-78,85,131,137,45.25547445255475,-8.232284483481385
1572534506.4154022,20,66,84,146,147,42.17687074829933,6.979385101571969
1572534506.4154022,19,222,83,173,155,40.00000000000001,22.380599847244042
1572534506.6349597,25,-220,87,127,137,45.25547445255475,-22.198628437866404
1572534506.6349597,21,-80,85,134,142,43.66197183098592,-8.440365275506633
1572534506.6349597,20,67,84,152,151,41.05960264900663,7.084066830606971
1572534506.6349597,19,229,83,179,160,38.75000000000001,23.013749847125784
1572534506.8199444,25,-225,88,130,140,44.28571428571429,-22.65266630670857
1572534506.8199444,21,-83,85,138,145,42.75862068965518,-8.752064820144541
1572534506.8199444,20,69,84,156,156,39.74358974358975,7.293287078020637
1572534506.8199444,19,235,83,182,165,37.57575757575758,23.551765868612073
1572534507.0573468,25,-233,89,134,144,43.055555555555564,-23.372910562377935
1572534507.0573468,21,-86,86,142,150,41.33333333333334,-9.063243130687955
1572534507.0573468,20,71,85,162,161,38.50931677018634,7.502311953416964
1572534507.314367,25,-244,89,139,151,41.05960264900663,-24.350587059891964
1572534507.314367,21,-91,86,149,157,39.490445859872615,-9.58066925009003
1572534507.314367,20,74,85,170,169,36.68639053254439,7.815471397254411
1572534507.5385213,25,-251,89,142,156,39.74358974358975,-24.96501600045778
1572534507.5385213,21,-94,86,155,163,38.036809815950924,-9.890374977497379
1572534507.5385213,20,77,85,177,175,35.42857142857143,8.12816168126673
1572534507.7638984,25,-241,89,143,160,38.75000000000001,-24.08541352897193
1572534507.7638984,21,-80,86,158,169,36.68639053254439,-8.440365275506633
1572534507.7638984,20,95,85,185,183,33.879781420765035,9.993481548325647
1572534508.0129638,25,-210,89,140,161,38.50931677018634,-21.281715998314297
1572534508.0129638,21,-49,87,160,173,35.83815028901735,-5.1931790634241475
1572534508.0129638,20,131,87,199,192,32.29166666666667,13.657275522629282
1572534508.2510679,25,-189,91,140,164,37.804878048780495,-19.318855748568993
1572534508.2510679,21,-25,89,164,179,34.63687150837989,-2.6549588769771035
1572534508.2510679,20,164,89,212,202,30.6930693069307,16.91942262152814
1572534508.4535203,25,-174,91,140,166,37.34939759036145,-17.887066461315495
1572534508.4535203,21,-8,90,169,185,33.513513513513516,-0.8501330454313055
1572534508.4535203,20,188,90,224,211,29.383886255924175,19.224157790184744
1572534508.6589518,25,-173,92,143,171,36.257309941520475,-17.790765425423544
1572534508.6589518,21,-2,92,175,193,32.124352331606225,-0.212547884480388
1572534508.6589518,20,203,92,235,221,28.05429864253394,20.632974678473587
1572534508.8467445,25,-179,94,148,177,35.02824858757063,-18.36699878105277
1572534508.8467445,21,-2,94,182,199,31.155778894472366,-0.212547884480388
1572534509.1143847,25,-188,97,154,186,33.333333333333336,-19.224157790184744
1572534509.1143847,21,-3,97,191,210,29.52380952380953,-0.3188199986227441
1572534509.3447754,25,-169,98,153,190,32.631578947368425,-17.404525184005227
1572534509.3447754,21,23,99,200,220,28.181818181818187,2.4428306303611227
1572534509.5780773,25,-149,97,155,195,31.7948717948718,-15.449253549730287
1572534509.5780773,21,47,100,207,230,26.956521739130437,4.982302006398639
1572534509.8126917,25,-157,100,161,204,30.392156862745104,-16.236070980753333
1572534509.8126917,21,50,102,220,243,25.514403292181072,5.298565069899935
1572534510.0333972,25,-164,101,168,214,28.971962616822434,-16.91942262152814
1572534510.0333972,21,52,104,232,257,24.124513618677046,5.509228563623229
1572534510.282577,25,-152,101,168,222,27.927927927927932,-15.745027649154892
1572534510.282577,21,73,104,249,273,22.710622710622715,7.711136174370049
1572534510.5039542,25,-124,101,170,227,27.31277533039648,-12.952764513375518
1572534510.5039542,21,110,104,266,285,21.754385964912284,11.53190478481219
1572534510.7001233,25,-125,102,175,235,26.38297872340426,-13.053658498766145
1572534510.9240415,25,-131,103,183,249,24.8995983935743,-13.657275522629282
1572534511.166292,25,-119,105,189,262,23.664122137404583,-12.447078301350341
1572534511.4092314,26,-231,99,127,214,28.971962616822434,-23.19357136790705
1572534511.660779,26,-195,99,126,215,28.837209302325586,-19.884730425939498
1572534511.9519224,26,-174,102,127,224,27.678571428571434,-17.887066461315495
1572534512.197065,27,-278,97,88,184,33.69565217391305,-27.27767591610897
1572534515.2013857,13,-251,80,107,96,64.58333333333334,-24.96501600045778
1572534515.4356127,13,-221,81,104,95,65.26315789473685,-22.28967336980535
1572534515.7038872,13,-192,82,101,94,65.95744680851065,-19.602290664374493
1572534516.0048118,13,-155,83,98,94,65.95744680851065,-16.039943306049665
1572534516.0048118,14,-261,84,111,99,62.62626262626264,-25.832223007136133
1572534516.2166018,13,-151,82,100,95,65.26315789473685,-15.64653107388349
1572534516.2166018,14,-257,83,114,101,61.3861386138614,-25.486836491547166
1572534516.473485,13,-157,82,103,97,63.917525773195884,-16.236070980753333
1572534516.473485,14,-265,83,115,103,60.194174757281566,-26.17560536384905
1572534516.732173,14,-265,84,115,105,59.04761904761906,-26.17560536384905
1572534516.732173,13,-155,83,104,99,62.62626262626264,-16.039943306049665
1572534516.9846537,13,-130,82,103,99,62.62626262626264,-13.55688323266358
1572534516.9846537,14,-239,84,115,104,59.61538461538463,-23.90801879906859
1572534517.186154,13,-107,82,100,98,63.26530612244899,-11.225492345678969
1572534517.186154,14,-215,83,113,103,60.194174757281566,-21.741635082339087
1572534517.4273167,13,-83,81,99,99,62.62626262626264,-8.752064820144541
1572534517.4273167,14,-188,83,110,102,60.78431372549021,-19.224157790184744
1572534517.6999567,13,-67,81,99,100,62.00000000000001,-7.084066830606971
1572534517.6999567,14,-173,82,111,106,58.49056603773586,-17.790765425423544
1572534518.048279,13,-70,80,103,103,60.194174757281566,-7.397824268101297
1572534518.048279,14,-180,82,115,107,57.94392523364487,-18.462668114186137
1572534518.4329252,13,-46,80,105,106,58.49056603773586,-4.87681235015335
1572534518.7634876,13,-31,80,107,108,57.40740740740742,-3.2908836860672923
1572534518.7634876,14,-144,82,116,112,55.35714285714287,-14.95442198679177
1572534518.7634876,15,-262,83,121,113,54.86725663716815,-25.91825677320866
1572534519.065709,14,-150,84,120,116,53.448275862068975,-15.547939558288776
1572534519.065709,13,-32,82,112,112,55.35714285714287,-3.3967965244928373
1572534519.4359481,13,-3,82,115,115,53.913043478260875,-0.3188199986227441
1572534519.4359481,15,-245,85,124,118,52.54237288135594,-24.438732622188876
1572534519.4359481,14,-124,84,119,117,52.991452991453,-12.952764513375518
1572534519.667022,14,-107,84,120,118,52.54237288135594,-11.225492345678969
1572534519.667022,15,-229,84,124,118,52.54237288135594,-23.013749847125784
1572534519.667022,13,14,82,117,117,52.991452991453,1.4875077226255586
1572534519.9432666,15,-238,84,128,122,50.81967213114755,-23.819138234278373
1572534519.9432666,14,-113,83,123,122,50.81967213114755,-11.837650005357451
1572534519.9432666,13,13,82,121,120,51.66666666666667,1.3812999174368017
1572534520.2197926,15,-250,84,135,127,48.81889763779528,-24.877611194528516
1572534520.2197926,14,-119,83,129,127,48.81889763779528,-12.447078301350341
1572534520.2197926,13,12,82,126,125,49.60000000000001,1.2750826169617748
1572534520.4432924,13,10,82,129,129,48.062015503875976,1.0626224461126088
1572534520.4432924,14,-125,84,133,131,47.328244274809165,-13.053658498766145
1572534520.6974926,13,8,82,133,133,46.61654135338347,0.8501330454313055
1572534520.6974926,14,-131,84,138,135,45.92592592592593,-13.657275522629282
1572534520.9687486,14,-138,84,144,141,43.971631205673766,-14.357601956885965
1572534520.9687486,13,7,83,138,138,44.92753623188406,0.74387920879624
1572534521.266424,14,-145,85,151,147,42.17687074829933,-15.053573641452305
1572534521.266424,13,6,83,145,143,43.35664335664336,0.6376202550928943
1572534521.5459058,13,5,84,151,151,41.05960264900663,0.5313569149387267
1572534521.5459058,14,-153,86,157,153,40.52287581699347,-15.843428839849183
1572534521.7950394,13,19,84,156,155,40.00000000000001,2.018378836856321
1572534521.7950394,14,-145,87,159,158,39.24050632911393,-15.053573641452305
1572534522.0652156,14,-112,86,157,159,38.99371069182391,-11.735810008694882
1572534522.0652156,13,55,85,164,162,38.27160493827161,5.824942124530689
1572534522.3051848,14,-85,86,158,161,38.50931677018634,-8.959575995474442
1572534522.3051848,15,-243,88,153,158,39.24050632911393,-24.262318581404937
1572534522.3051848,13,84,86,172,168,36.90476190476191,8.855849682026259
1572534522.5093613,15,-215,89,152,159,38.99371069182391,-21.741635082339087
1572534522.5093613,14,-57,88,160,165,37.57575757575758,-6.03522200610085
1572534522.5093613,13,116,88,181,175,35.42857142857143,12.142712829376121
1572534522.7371051,15,-190,90,150,160,38.75000000000001,-19.413444096195985
1572534522.7371051,14,-31,89,162,169,36.68639053254439,-3.2908836860672923
1572534522.7371051,13,147,90,191,182,34.06593406593407,15.251599858657364
1572534522.9416568,15,-164,90,148,162,38.27160493827161,-16.91942262152814
1572534522.9416568,14,-3,90,166,174,35.63218390804598,-0.3188199986227441
1572534522.9416568,13,181,91,205,190,32.631578947368425,18.558230898863858
1572534523.1423712,15,-147,90,149,164,37.804878048780495,-15.251599858657364
1572534523.1423712,14,16,90,170,179,34.63687150837989,1.6998919335324794
1572534523.1423712,13,208,91,214,197,31.472081218274116,21.096936185976894
1572534523.357409,15,-153,91,154,171,36.257309941520475,-15.843428839849183
1572534523.357409,14,16,92,178,187,33.15508021390375,1.6998919335324794
1572534523.357409,13,214,94,220,206,30.097087378640783,21.649884338417362
1572534523.547858,15,-159,92,160,177,35.02824858757063,-16.431808422216594
1572534523.547858,14,16,94,184,193,32.124352331606225,1.6998919335324794
1572534523.8328903,15,-152,94,163,184,33.69565217391305,-15.745027649154892
1572534523.8328903,14,31,96,193,205,30.243902439024396,3.2908836860672923
1572534524.0620954,15,-123,95,160,188,32.97872340425533,-12.851788734777642
1572534524.0620954,14,63,98,209,214,28.971962616822434,6.665061502275082
1572534524.2822158,1,-256,92,133,172,36.04651162790698,-25.400177603160106
1572534524.2822158,15,-104,95,162,192,32.29166666666667,-10.918428084857842
1572534524.2822158,14,90,99,214,223,27.802690582959645,9.477307372980938
1572534524.505564,1,-241,92,135,175,35.42857142857143,-24.08541352897193
1572534524.505564,15,-87,95,165,198,31.31313131313132,-9.16685046013392
1572534524.505564,14,113,100,227,234,26.4957264957265,11.837650005357451
1572534524.6994195,1,-223,92,133,176,35.227272727272734,-22.47140764411092
1572534524.6994195,15,-68,95,167,203,30.54187192118227,-7.188701044455634
1572534524.6994195,14,140,100,238,243,25.514403292181072,14.556902633910628
1572534524.9082072,1,-197,92,131,178,34.831460674157306,-20.07246656737335
1572534524.9082072,15,-40,96,171,209,29.665071770334933,-4.243202757619135
1572534524.9082072,14,177,101,256,257,24.124513618677046,18.175341896811013
1572534525.109371,1,-175,92,130,180,34.44444444444445,-17.983263132572862
1572534525.109371,15,-15,97,176,215,28.837209302325586,-1.593705304019792
1572534525.4083176,2,-259,90,98,157,39.490445859872615,-25.659779802199026
1572534525.4083176,1,-148,94,130,184,33.69565217391305,-15.350473498668093
1572534525.7507565,2,-228,92,96,160,38.75000000000001,-22.923658715156016
1572534527.3895614,2,-128,101,99,189,32.80423280423281,-13.355844454032088
1572534528.6005852,24,-208,81,83,77,80.51948051948054,-21.096936185976894
1572534528.9041693,24,-210,81,86,79,78.48101265822785,-21.281715998314297
1572534529.2153926,24,-201,82,86,80,77.50000000000001,-20.44659105159719
1572534529.47409,23,-247,84,94,84,73.80952380952382,-24.614654361779593
1572534529.719873,24,-129,81,79,77,80.51948051948054,-13.456406039455286
1572534529.719873,23,-213,83,90,82,75.60975609756099,-21.558016806404698
1572534530.0064366,24,-108,80,78,77,80.51948051948054,-11.327703014829057
1572534530.0064366,23,-192,82,90,82,75.60975609756099,-19.602290664374493
1572534530.2854373,24,-103,80,79,78,79.4871794871795,-10.815931174266511
1572534530.2854373,23,-188,81,91,83,74.6987951807229,-19.224157790184744
1572534530.6338859,24,-105,80,81,81,76.54320987654322,-11.02085430376855
1572534530.6338859,23,-193,82,93,86,72.09302325581396,-19.69654824538426
1572534530.9977872,24,-77,80,80,82,75.60975609756099,-8.12816168126673
1572534530.9977872,23,-164,82,91,86,72.09302325581396,-16.91942262152814
1572534530.9977872,22,-260,83,102,90,68.8888888888889,-25.746063977885555
1572534531.6958137,24,-9,80,79,82,75.60975609756099,-0.9563810345917811
1572534531.6958137,23,-94,81,86,85,72.94117647058825,-9.890374977497379
1572534531.6958137,22,-185,82,96,87,71.26436781609196,-18.939409542593506
1572534532.032181,23,-69,82,86,86,72.09302325581396,-7.293287078020637
1572534532.032181,24,19,80,84,83,74.6987951807229,2.018378836856321
1572534532.032181,18,-255,83,100,90,68.8888888888889,-25.313394061515783
1572534532.032181,22,-160,83,94,88,70.45454545454547,-16.52952974363854
1572534532.4770577,24,23,81,84,86,72.09302325581396,2.4428306303611227
1572534532.4770577,23,-67,82,89,89,69.66292134831461,-7.084066830606971
1572534532.4770577,22,-161,83,97,91,68.13186813186815,-16.6271522388117
1572534532.4770577,18,-258,83,103,93,66.66666666666667,-25.573370599428543
1572534532.9127684,23,-72,83,93,92,67.3913043478261,-7.606749474630248
1572534532.9127684,22,-170,85,102,96,64.58333333333334,-17.501239896274914
1572534533.3220177,24,32,81,91,93,66.66666666666667,3.3967965244928373
1572534533.3220177,23,-64,83,94,96,64.58333333333334,-6.769881767673709
1572534533.3220177,22,-165,84,104,99,62.62626262626264,-17.016645682135483
1572534533.3220177,18,-269,84,108,99,62.62626262626264,-26.516976503255172
1572534533.6612248,24,72,82,97,95,65.26315789473685,7.606749474630248
1572534533.6612248,18,-228,85,106,98,63.26530612244899,-22.923658715156016
1572534533.6612248,22,-127,84,101,98,63.26530612244899,-13.255198990360212
1572534534.0793142,24,74,84,99,99,62.62626262626264,7.815471397254411
1572534534.0793142,18,-240,86,111,103,60.194174757281566,-23.996777288565738
1572534534.611764,24,77,85,106,105,59.04761904761906,8.12816168126673
1572534534.611764,23,-33,86,105,107,57.94392523364487,-3.502686126728226
1572534534.611764,18,-256,88,118,108,57.40740740740742,-25.400177603160106
1572534534.611764,22,-143,88,112,108,57.40740740740742,-14.855178588237854
1572534534.931563,24,78,85,108,109,56.88073394495414,8.232284483481385
1572534534.931563,23,-35,86,109,110,56.363636363636374,-3.714392761786679
1572534535.3678932,24,78,86,111,112,55.35714285714287,8.232284483481385
1572534535.3678932,23,-37,86,112,113,54.86725663716815,-3.9259978795075465
1572534535.3678932,22,-155,88,120,115,53.913043478260875,-16.039943306049665
1572534535.7080858,23,-38,87,111,112,55.35714285714287,-4.031760588950713
1572534535.7080858,24,78,86,111,111,55.855855855855864,8.232284483481385
1572534535.7080858,22,-156,88,121,115,53.913043478260875,-16.138055708620733
1572534536.0797865,24,78,86,111,111,55.855855855855864,8.232284483481385
1572534536.0797865,22,-155,88,120,115,53.913043478260875,-16.039943306049665
1572534536.0797865,23,-38,86,111,113,54.86725663716815,-4.031760588950713
1572534536.4842672,23,-41,87,112,112,55.35714285714287,-4.348880799665057
1572534536.4842672,22,-159,88,120,115,53.913043478260875,-16.431808422216594
1572534536.8314593,24,75,86,112,112,55.35714285714287,7.9197544899131636
1572534536.8314593,23,-41,87,112,112,55.35714285714287,-4.348880799665057
1572534536.8314593,22,-159,88,120,115,53.913043478260875,-16.431808422216594
1572534537.132482,22,-159,88,120,115,53.913043478260875,-16.431808422216594
1572534537.578227,23,-41,87,112,112,55.35714285714287,-4.348880799665057
1572534537.578227,22,-159,88,120,115,53.913043478260875,-16.431808422216594
1572534537.9883041,24,74,86,111,111,55.855855855855864,7.815471397254411
1572534538.492444,23,-41,87,112,112,55.35714285714287,-4.348880799665057
1572534538.492444,22,-159,88,120,115,53.913043478260875,-16.431808422216594
1572534538.7937682,24,74,86,111,111,55.855855855855864,7.815471397254411
1572534538.7937682,23,-41,87,112,112,55.35714285714287,-4.348880799665057
1572534538.7937682,22,-159,88,120,115,53.913043478260875,-16.431808422216594
1572534539.2269962,24,75,86,112,111,55.855855855855864,7.9197544899131636
1572534539.2269962,23,-41,87,112,112,55.35714285714287,-4.348880799665057
1572534539.2269962,22,-159,88,120,115,53.913043478260875,-16.431808422216594
1572534539.67733,23,-41,87,112,113,54.86725663716815,-4.348880799665057
1572534539.67733,22,-159,88,120,115,53.913043478260875,-16.431808422216594
1572534540.0959716,23,-41,87,112,112,55.35714285714287,-4.348880799665057
1572534540.0959716,22,-159,88,120,115,53.913043478260875,-16.431808422216594
1572534540.446239,24,75,86,112,112,55.35714285714287,7.9197544899131636
1572534540.446239,23,-41,87,112,112,55.35714285714287,-4.348880799665057
1572534540.446239,22,-159,88,120,115,53.913043478260875,-16.431808422216594
1572534540.8105748,23,-41,87,112,112,55.35714285714287,-4.348880799665057
1572534540.8105748,22,-159,88,120,115,53.913043478260875,-16.431808422216594
1572534541.1560163,23,-41,87,112,112,55.35714285714287,-4.348880799665057
1572534541.1560163,24,74,86,111,112,55.35714285714287,7.815471397254411
1572534541.1560163,22,-159,88,120,115,53.913043478260875,-16.431808422216594
1572534541.5425892,22,-159,88,120,115,53.913043478260875,-16.431808422216594
1572534541.9874845,23,-41,87,112,112,55.35714285714287,-4.348880799665057
1572534541.9874845,22,-159,88,120,115,53.913043478260875,-16.431808422216594
